松屋,山口県,松屋 宇部店,山口県宇部市島1-1-2,1100,20260124,1050,50
松屋,山口県,松屋 下関稗田店,山口県下関市稗田中町9-31,1100,20260124,1050,50
松屋,静岡県,松屋 三島店,静岡県三島市玉川243-1,1170,20260124,1150,20
松屋,山口県,松屋 山陽小野田店/松のや 山陽小野田店,山口県山陽小野田市中央一丁目3番46号,1100,20260124,1050,50
松屋,山口県,松屋 周南店,山口県周南市新宿通5-6-23,1100,20260124,1050,50
松屋,長野県,松屋 松本駅前店,長野県松本市中央1-2-23 山平ビル,1200,20260124,1100,100
松屋,長野県,松屋 松本高宮店,長野県松本市高宮中2-5,1200,20260124,1100,100
松屋,静岡県,松屋 沼津店/松のや 沼津店,静岡県沼津市筒井町9-7,1170,20260124,1150,20
松屋,静岡県,松屋 沼津南店,静岡県沼津市上香貫字三園町1372番地,1150,20260124,1100,50
松屋,長野県,松屋 長野SBC通り店/松のや 長野SBC通り店,長野県長野市吉田二丁目24-3,1200,20260124,1120,80
松屋,徳島県,松屋 徳島松茂広島ランプ店/松のや 徳島松茂広島ランプ店,徳島県板野郡松茂町広島字宮ノ前4番地1（地番）,1150,20260124,1100,50
松屋,静岡県,松屋 富士宮店,静岡県富士宮市中原町312,1160,20260124,1100,60
松屋,山口県,松屋 防府店/松のや 防府店,山口県防府市緑町2-5-16,1100,20260124,1050,50
松屋,兵庫県,松屋フーズ 六甲生産物流センター,兵庫県神戸市東灘区向洋町西6-2-4,1310,20260124,1210,100
