≪吉野家の新ブランド≫あげたて天兵衛　254号線富士見店,埼玉県富士見市針ヶ谷南通503-1,950
そば処吉野家　16号線岩槻店,埼玉県さいたま市岩槻区東町２‐６‐２１,900
そば処吉野家　30号線十日市店,岡山県岡山市北区奥田２‐４‐２８,900
そば処吉野家　412号線厚木林店,神奈川県厚木市林４‐２０‐３０,930
そば処吉野家　463号線ＢＰ和ヶ原店,埼玉県所沢市和ヶ原２‐２１６‐１,900
そば処吉野家　4号線古川栄町店,宮城県大崎市古川栄町６‐２５,800
そば処吉野家　4号線西那須野店,栃木県那須塩原市東三島３丁目６１‐２,880
そば処吉野家　４号線花巻中央店,岩手県花巻市里川口町２‐２,750
そば処吉野家　アリオ札幌店,北海道札幌市東区北７条東９丁目２番２０号,850
そば処吉野家　アリオ西新井店,東京都足立区西新井栄町１‐２０‐１,950
そば処吉野家　イーサイト高崎店,群馬県高崎市八島町２２２,880
そば処吉野家　イオンモール伊丹店,兵庫県伊丹市藤ノ木１‐１‐１イオン伊丹店３Ｆフードコート内,900
そば処吉野家　イオンモール羽生店,埼玉県羽生市川崎2-281-33Ｆフードコート内,950
そば処吉野家　イオンモール橿原店,奈良県橿原市曲川町７‐２０‐１イオン橿原店２Ｆフードコート内,900
そば処吉野家　イオンモール宮崎店,宮崎県宮崎市新別府町江口８６２‐１,800
そば処吉野家　イオンモール熊本店,熊本県上益城郡嘉島町大字上島字長池２２３２イオン熊本店２Ｆフードコート内,850
そば処吉野家　イオンモール広島府中店,広島県安芸郡府中町大須２‐１‐１イオン広島府中店３Ｆフードコート内,900
そば処吉野家　イオンモール川口前川店,埼玉県川口市前川１‐１‐１１イオン川口前川店１Ｆフードコート内,980
そば処吉野家　イオン具志川店,沖縄県うるま市前原幸崎原３０３番地,750
そば処吉野家　イオン南風原SC店,沖縄県島尻郡南風原町字宮平264,800
そば処吉野家　カインズホーム市原店,千葉県市原市更級３‐１‐１,870
そば処吉野家　ジョイフル本田宇都宮店,栃木県河内郡上三川町大字磯岡４２１‐１,900
そば処吉野家　ニトリモール東大阪店,大阪府東大阪市西岩田２‐３‐２５,900
そば処吉野家　ビバモール寝屋川店,大阪府寝屋川市寝屋南２‐２２‐１ビバモール寝屋川モール棟,860
そば処吉野家　伊勢崎宮子店,群馬県伊勢崎市宮子町３４５０,870
そば処吉野家　宇治槙島店,京都府宇治市槙島町一の坪３９,900
そば処吉野家　宇都宮宮の内店,栃木県宇都宮市宮の内３丁目１７７‐１,880
そば処吉野家　宇都宮今泉店,栃木県宇都宮市中今泉５‐３７‐４,900
そば処吉野家　掛川PA下り店,静岡県掛川市倉真字荒芝５９６８‐１,950
そば処吉野家　掛川PA上り店,静岡県掛川市倉真字籔ノ上７５０７‐１‐１,950
そば処吉野家　郡山さくら通り店,福島県郡山市虎丸９‐１５,850
そば処吉野家　弘前中央通り店,青森県弘前市北瓦ヶ町７‐１,750
そば処吉野家　甲府バイパス上町店,山梨県甲府市上町２１６２‐１,900
そば処吉野家　佐波川サービスエリア下り店,山口県防府市佐野台ヶ原４５２‐２,900
そば処吉野家　山形西バイパス店,山形県山形市西田２‐２４‐１,800
そば処吉野家　四軒家店,愛知県名古屋市守山区白山二丁目８０８番,900
そば処吉野家　秋田新国道店,秋田県秋田市八橋新川向１１‐４,780
そば処吉野家　新潟とやの店,新潟県新潟市中央区堀之内南１‐１６‐５５,800
そば処吉野家　仙台小鶴店,宮城県仙台市宮城野区小鶴３‐９,800
そば処吉野家　川越南大塚店,埼玉県川越市かし野台2丁目3番地7,900
そば処吉野家　足柄サービスエリア下り店,静岡県駿東郡小山町桑木字南ノ原596-5（東名高速道路足柄ＳＡ下り内）,1000
そば処吉野家　長津田店,神奈川県横浜市緑区長津田６‐１１‐２４,930
そば処吉野家　藤沢北口店,神奈川県藤沢市藤沢４８４‐４９,930
そば処吉野家　栃木大町店,栃木県栃木市大町１８‐１２,880
そば処吉野家　浜松住吉店,静岡県浜松市中区住吉２‐８‐２０,900
そば処吉野家　屏風山PA上り店,岐阜県瑞浪市土岐町字安高３２８２‐５,900
はなまるうどん・吉野家　2号線岩国店,山口県岩国市麻里布町7丁目12-8,850
はなまるうどん・吉野家　広島宇品店,広島県広島市南区宇品西3-8-36,950
はなまるうどん・吉野家・売店 尾張一宮PA上り店,愛知県一宮市丹陽町三ツ井,900
はなまるうどん・吉野家・売店 美合PA下り店,愛知県岡崎市市場町字御成箇３,900
ボートレース平和島店,東京都大田区平和島1-1-1,1000
吉野家 246号線荏田店※ドライブスルーあり,神奈川県横浜市青葉区荏田町420-3,1000
吉野家 495号線和白丘店,福岡県福岡市東区和白丘1丁目15-4,850
吉野家 9号線亀岡千代川店,京都府亀岡市千代川町高野林西田7-27,850
吉野家 COCOLO新潟店,新潟県新潟市中央区花園１-１-１,850
吉野家 TX流山おおたかの森店,千葉県流山市西初石6-182-3流山おおたかの森駅施設内,900
吉野家 フレスポ新発田店,新潟県新発田市富塚町3丁目地内,880
吉野家 永田町一丁目店,東京都千代田区永田町1-14本館西側付属,1100
吉野家 茅ヶ崎駅南口店,神奈川県茅ヶ崎市幸町２‐１０ジョイ茅ヶ崎・パート１,1000
吉野家 関内店,神奈川県横浜市中区真砂町3-32小泉ビル1F,1050
吉野家 菊川駅前店,東京都墨田区菊川2-6-13,1000
吉野家 戸田喜沢店,埼玉県戸田市喜沢1-23-1,1000
吉野家 護国寺店,東京都文京区音羽2-2-2,1050
吉野家 江坂駅東店,大阪府吹田市江坂町1-22-12江坂東急ﾋﾞﾙ壱番館1階,950
吉野家 甲賀水口店,滋賀県甲賀市水口町名坂818-1,860
吉野家 行徳新浜店,千葉県市川市新浜1-2-5,1000
吉野家 産業道路さいたま上木崎店,埼玉県さいたま市浦和区上木崎４丁目１２‐１２,950
吉野家 守山松川橋店,愛知県名古屋市守山区白沢町1,900
吉野家 小牧岩崎店,愛知県小牧市岩崎5丁目195-1,900
吉野家 須磨パティオ店,兵庫県神戸市須磨区中落合2丁目2-1,860
吉野家 晴海トリトンスクエア店,東京都中央区晴海1-8-16晴海アイランドトリトンコレクションフードコート区画NO5,1100
吉野家 仙台イービーンズ店,宮城県仙台市青葉区中央4丁目1-1,850
吉野家 千早東店,福岡県福岡市東区若宮5-25-19,850
吉野家 川口上青木店,埼玉県川口市上青木1-5-6,950
吉野家 川崎競輪場店,神奈川県川崎市川崎区富士見2-1-6,1050
吉野家 前橋小相木店,群馬県前橋市小相木字堰向279-1、280-1,870
吉野家 足立保木間店,東京都足立区保木間1-27-1,1000
吉野家 大阪駅前第3ビル店,大阪府大阪市北区梅田1丁目1番3,1000
吉野家 大手町一丁目店,東京都千代田区大手町1丁目3番4号気象庁本庁舎1階喫茶区画,1100
吉野家 大田原美原店,栃木県大田原市美原1丁目7-25,880
吉野家 中和幹線奈良広陵町店,奈良県北葛城郡広陵町大塚905-1,850
吉野家 鶴瀬駅前店,埼玉県富士見市鶴瀬東１丁目１１-１６,920
吉野家 東久留米下里店,東京都東久留米市下里1-10-4,950
吉野家 東小金井駅前店,東京都小金井市梶野町5-144-5,950
吉野家 東中野駅前店,東京都中野区東中野4-5-14,1050
吉野家 入谷店,東京都台東区入谷１‐６‐６,1000
吉野家 福井大手店,福井県福井市大手１丁目２‐１８,900
吉野家 福岡空港店,福岡県福岡市博多区下臼井７７８‐１,900
吉野家　102号線弘前高田店,青森県弘前市高田５丁目２番,750
吉野家　105号線由利本荘店,秋田県由利本荘市一番堰１５５‐１,780
吉野家　10号線延岡店,宮崎県延岡市別府町３７２３‐１,780
吉野家　10号線都城店,宮崎県都城市平江町５６‐１‐２,800
吉野家　10号線別府店,大分県別府市汐見町７‐３６,780
吉野家　10号線片野店,福岡県北九州市小倉北区片野２‐２１‐３０,850
吉野家　118号線会津若松南店,福島県会津若松市西栄町３２２番,800
吉野家　11号線丸亀店,香川県丸亀市山北原窪４５‐１,900
吉野家　11号線国分寺店,香川県高松市国分寺町新居１３５４‐３,900
吉野家　11号線松山久米店,愛媛県松山市北久米町９７３‐５,850
吉野家　11号線川内店,徳島県徳島市川内町鶴島１０７‐１,820
吉野家　121号線鹿沼店,栃木県鹿沼市茂呂１０５９‐６,880
吉野家　121号線米沢店,山形県米沢市徳町１６４‐５,800
吉野家　122号線石神店,埼玉県川口市石神６８５‐１,950
吉野家　122号線川口店,埼玉県川口市朝日１‐８‐６,1000
吉野家　123号線茨城大学前店,茨城県水戸市堀町１０６６‐１,850
吉野家　124号線鹿嶋店,茨城県鹿嶋市宮中１９７０‐１,850
吉野家　124号線神栖店,茨城県神栖市大野原１‐６‐３,850
吉野家　125号線加須インター店,埼玉県加須市多門寺７７‐１,920
吉野家　125号線栗橋店,埼玉県久喜市栗橋町東５‐１０‐１４,900
吉野家　125号線古河店,茨城県古河市西牛谷１０１７‐５,900
吉野家　126号線東金店,千葉県東金市南上宿５丁目３８‐３０,900
吉野家　128号線茂原店,千葉県茂原市長尾字芝向２５０２番地,950
吉野家　129号線上溝店,神奈川県相模原市中央区上溝２３８０‐６,950
吉野家　12号線岩見沢店,北海道岩見沢市日の出町８‐２０,850
吉野家　12号線厚別東店,北海道札幌市厚別区厚別東４条３丁目２４‐７１,850
吉野家　134号線江ノ島店,神奈川県鎌倉市腰越３丁目４番３号,1000
吉野家　135号線伊東店,静岡県伊東市静海町６１８‐３４,950
吉野家　136号線伊豆長岡店,静岡県伊豆の国市南條２１１‐４他１０筆（地番）,900
吉野家　136号線函南店,静岡県田方郡函南町塚本１４２‐１,900
吉野家　139号線富士伝法店,静岡県富士市伝法１‐２３７９‐１,950
吉野家　13号線横手店,秋田県横手市前郷字下横山５２‐１,810
吉野家　13号線秋田川尻若葉町店,秋田県秋田市川尻若葉町５‐２０,780
吉野家　13号線福島西バイパス店,福島県福島市北中央１丁目１‐１,850
吉野家　140号線花園インター店,埼玉県深谷市小前田４７６‐３,930
吉野家　140号線秩父店,埼玉県秩父市中宮地町４‐２４,900
吉野家　141号線佐久平店,長野県佐久市佐久平駅南１９‐１,850
吉野家　14号線篠崎店,東京都江戸川区篠崎町７‐２２‐１８,960
吉野家　14号線西小松川店,東京都江戸川区西小松川町３７‐５,980
吉野家　14号線登戸店,千葉県千葉市中央区登戸２‐３‐８,950
吉野家　14号線幕張店,千葉県千葉市花見川区幕張町１‐７７８０‐１,1000
吉野家　150号線焼津店,静岡県焼津市八楠４‐３‐１１,900
吉野家　151号線豊川店,愛知県豊川市東豊町５‐２,900
吉野家　153号線和合店,愛知県愛知郡東郷町大字和合字牛廻間１６６‐１,1000
吉野家　155号線刈谷店,愛知県刈谷市新富町３‐４１１,930
吉野家　155号線常滑店,愛知県常滑市錦町１‐４５,900
吉野家　155号線新舞子店,愛知県知多市新舞子大字大口206番地7,900
吉野家　155号線大府店,愛知県大府市吉田町半ノ木８９‐３,900
吉野家　156号線芥見店,岐阜県岐阜市芥見長山２‐１１８‐１,900
吉野家　156号線砺波店,富山県砺波市太郎丸３‐９４,900
吉野家　161号線新堅田店,滋賀県大津市本堅田５丁目２２‐３３,850
吉野家　163号線生駒店,奈良県生駒市北田原町２４７６‐１８,880
吉野家　163号線門真店,大阪府門真市寿町２１‐３０,900
吉野家　165号線名張店,三重県名張市夏見坊垣３２２２‐２,900
吉野家　168号線香芝店,奈良県香芝市上中７４５‐１,850
吉野家　168号線東生駒店,奈良県生駒市辻町２４９‐１,880
吉野家　169号線桜井店,奈良県桜井市川合２６３‐１,850
吉野家　16号線磯子丸山店,神奈川県横浜市磯子区丸山２丁目１‐３,1000
吉野家　16号線下三ヶ尾店,千葉県野田市下三ケ尾４０４‐８,950
吉野家　16号線金沢文庫店,神奈川県横浜市金沢区谷津町１５１,950
吉野家　16号線五井店,千葉県市原市白金町４‐８,950
吉野家　16号線若柴店,千葉県柏市若柴５‐１０,950
吉野家　16号線春日部店,埼玉県春日部市豊町６‐１‐１,900
吉野家　16号線庄和町店,埼玉県春日部市西金野井３０３‐１,900
吉野家　16号線昭島緑町店,東京都昭島市緑町三丁目５番１４号,950
吉野家　16号線上鶴間店,神奈川県相模原市南区上鶴間本町９‐２‐４０,950
吉野家　16号線西大宮店,埼玉県さいたま市西区宮前町９１７‐１,950
吉野家　16号線西谷店,神奈川県横浜市保土ケ谷区西谷町１０９７‐１,950
吉野家　16号線袖ヶ浦店,千葉県袖ケ浦市神納１‐２０,950
吉野家　16号線追浜店,神奈川県横須賀市追浜町１丁目３８番１号,950
吉野家　16号線東大宮店,埼玉県さいたま市見沼区深作３‐４‐９,900
吉野家　16号線柏店,千葉県柏市柏字野馬木戸９３１‐１５,900
吉野家　16号線八王子宇津木店,東京都八王子市宇津木町７０９番地,950
吉野家　16号線八王子北野店,東京都八王子市北野町５７４‐１,950
吉野家　16号線米本店,千葉県八千代市米本２１６１‐２,900
吉野家　16号線野田店,千葉県野田市船形猪穴２８５０‐１,950
吉野家　170号線河内長野店,大阪府河内長野市上原西町８６９‐１,880
吉野家　170号線尺度店,大阪府羽曳野市尺度１９０‐１,880
吉野家　170号線東大阪布市店,大阪府東大阪市布市町４丁目３３２番１,860
吉野家　170号線藤井寺店,大阪府藤井寺市野中２‐２６５‐１,880
吉野家　170号線八尾店,大阪府八尾市大竹１丁目６２番地,880
吉野家　170号線富田林店,大阪府富田林市昭和町１‐４‐７,880
吉野家　170号線野崎店,大阪府大東市南津の辺町２１番３８号,860
吉野家　171号線伊丹店,兵庫県伊丹市広畑２ー３４ー１,850
吉野家　171号線茨木店,大阪府茨木市郡４丁目１８‐３５,900
吉野家　171号線久世店,京都府京都市南区久世殿城町４３３番地,900
吉野家　171号線小野原店,大阪府箕面市粟生新家４丁目１１３番１,900
吉野家　171号線大山崎店,京都府乙訓郡大山崎町字山崎小字鏡田４５‐３０,880
吉野家　171号線武庫川店,兵庫県西宮市若山町１１‐１２,850
吉野家　171号線箕面店,大阪府箕面市萱野４丁目２‐１７,900
吉野家　173号線川西多田店,兵庫県川西市平野２‐６２‐６,850
吉野家　175号線玉津店,兵庫県神戸市西区平野町福中字本丸２１９‐１,840
吉野家　175号線滝野社IC店,兵庫県加東市北野６４７‐１,850
吉野家　176号線三田店,兵庫県三田市三輪４丁目６番９号,880
吉野家　176号線宝塚店,兵庫県宝塚市安倉北２丁目１９‐２,880
吉野家　176号線豊中店,大阪府豊中市中桜塚３‐１０‐３０,900
吉野家　178号線豊岡店,兵庫県豊岡市下陰字池ノ内５３５‐１,880
吉野家　179号線津山店,岡山県津山市二宮字中原北１９２１‐４,850
吉野家　17号線浦和常盤店,埼玉県さいたま市浦和区常盤６‐２‐１５,950
吉野家　17号線下之城店,群馬県高崎市下之城町１７８,880
吉野家　17号線宮原店,埼玉県さいたま市北区宮原町１‐５０３‐１,930
吉野家　17号線熊谷佐谷田店,埼玉県熊谷市佐谷田８８‐１,900
吉野家　17号線鴻巣店,埼玉県鴻巣市宮地１‐８‐４９,900
吉野家　17号線上尾店,埼玉県上尾市久保芝通り７７‐１,930
吉野家　17号線深谷店,埼玉県深谷市国済寺荒楽５０３‐３,900
吉野家　17号線前橋関根町店,群馬県前橋市関根町２丁目３８０‐９,870
吉野家　17号線本庄店,埼玉県本庄市本庄４‐７‐６,900
吉野家　17号線与野店,埼玉県さいたま市中央区円阿弥６‐３‐１,950
吉野家　17号線与野本町店,埼玉県さいたま市中央区本町西４‐１５‐１２,950
吉野家　183号線広島三篠町店,広島県広島市西区三篠町３‐２１‐１６,900
吉野家　18号線上田国分店,長野県上田市国分１‐９６２‐１,850
吉野家　190号線宇部店,山口県宇部市妻崎開作840-1,800
吉野家　192号線佐古店,徳島県徳島市佐古七番町７‐２,820
吉野家　193号線高松仏生山店,香川県高松市仏生山甲１３１９‐１,850
吉野家　196号線今治店,愛媛県今治市中寺２４２番地４,800
吉野家　196号線平田店,愛媛県松山市平田町２３６‐１,850
吉野家　197号線大分萩原店,大分県大分市牧二丁目２４０番地,780
吉野家　19号線恵那店,岐阜県恵那市長島町正家２丁目７‐２,900
吉野家　19号線春日井西店,愛知県春日井市浅山町字中山１３１１‐４,900
吉野家　19号線松本高宮店,長野県松本市高宮北５‐３,900
吉野家　19号線新守山店,愛知県名古屋市守山区幸心２‐１０３,900
吉野家　19号線瑞浪店,岐阜県瑞浪市上平町４‐８６,900
吉野家　19号線多治見店,岐阜県多治見市小田町４‐３０‐１,900
吉野家　1号線安城店,愛知県安城市東栄町三丁目８１６番地６,930
吉野家　1号線岡崎東店,愛知県岡崎市大平町杉本７‐１,930
吉野家　1号線掛川店,静岡県掛川市城西２‐５,900
吉野家　1号線笠寺店,愛知県名古屋市南区千竈通５‐３１‐１,900
吉野家　1号線久御山,京都府久世郡久御山町田井新荒見69-1,880
吉野家　1号線京都南店,京都府京都市南区上鳥羽麻ノ本町１５,880
吉野家　1号線御油店,愛知県豊川市御油町八面横４０,900
吉野家　1号線甲西町店,滋賀県湖南市夏見４２５‐１,860
吉野家　1号線国府津インター店,神奈川県小田原市国府津１‐５‐８,950
吉野家　1号線三ツ沢中町店,神奈川県横浜市神奈川区三ッ沢中町９‐７,1000
吉野家　1号線山科店,京都府京都市山科区大塚森町１１‐３,850
吉野家　1号線十番町店,愛知県名古屋市中川区十番町二丁目‐９,1000
吉野家　1号線西沢田店,静岡県沼津市西沢田２７８‐１,900
吉野家　1号線川崎遠藤町店,神奈川県川崎市幸区戸手2-19,1000
吉野家　1号線草津店,滋賀県草津市南笠東１‐２‐２３,870
吉野家　1号線知立店,愛知県知立市中町花山５１‐１,900
吉野家　1号線富洲原店,三重県三重郡川越町豊田３１８‐１,900
吉野家　1号線豊明店,愛知県豊明市前後町ほら貝１３８９‐１,930
吉野家　1号線枚方招提店,大阪府枚方市北山１丁目３番５号,880
吉野家　1号線枚方店,大阪府枚方市宮之阪４‐２７‐３９,880
吉野家　200号線飯塚店,福岡県飯塚市弁分40-3,800
吉野家　201号線篠栗店,福岡県糟屋郡篠栗町大字和田字天神免３７２‐１,800
吉野家　202号線バイパス原店,福岡県福岡市早良区原４‐２５‐１５,850
吉野家　202号線今宿店,福岡県福岡市西区大字徳永町間１１番,800
吉野家　208号線佐賀大学前店,佐賀県佐賀市本庄町大字本庄字五本杉５７７‐１,800
吉野家　213号線中津店,大分県中津市中殿町３‐２６‐８,850
吉野家　21号線鵜沼店,岐阜県各務原市鵜沼西町１‐６４８,900
吉野家　21号線各務原店,岐阜県各務原市鵜沼三ツ池町２丁目１５１,900
吉野家　21号線垂井店,岐阜県不破郡垂井町綾戸東１０３‐１,900
吉野家　21号線大垣北店,岐阜県大垣市八島町字東菰田８３番,900
吉野家　225号線鹿児島宇宿店,鹿児島県鹿児島市新栄町１‐２４,780
吉野家　22号線西春店,愛知県北名古屋市宇福寺天神２３４,900
吉野家　230号線藻岩店,北海道札幌市南区南３５条西１０丁目１３,850
吉野家　231号線篠路店,北海道札幌市北区篠路２条１丁目２,850
吉野家　23号線伊勢店,三重県伊勢市御薗町長屋清畑２１２７,950
吉野家　23号線花田町店,愛知県豊橋市花田町荒木２４‐１,900
吉野家　23号線三重大学前店,三重県津市栗真町屋町字東之内１６８６‐２,900
吉野家　23号線津南店,三重県津市高茶屋小森町字水合４４１‐７,900
吉野家　23号線白子店,三重県鈴鹿市白子駅前６‐３９,900
吉野家　246号線愛甲石田店,神奈川県伊勢原市石田５９７‐３,950
吉野家　246号線厚木妻田店,神奈川県厚木市妻田東３‐１‐１,950
吉野家　246号線座間店,神奈川県座間市西栗原２丁目７番８号,950
吉野家　246号線秦野店,神奈川県秦野市曽屋１３３６,950
吉野家　247号線半田店,愛知県半田市星崎町３‐２２‐４,1000
吉野家　247号線名和店,愛知県東海市名和町三番割中３１‐６,930
吉野家　248号線可児店,岐阜県可児市下恵土４１３１‐１,900
吉野家　248号線豊田店,愛知県豊田市錦町２‐４４,1000
吉野家　24号線葛城店,奈良県葛城市忍海４８８‐１,850
吉野家　24号線岩出町店,和歌山県岩出市西野２０‐６,850
吉野家　24号線高野口店,和歌山県橋本市高野口町伏原９３３,850
吉野家　24号線大和郡山店,奈良県大和郡山市大江町４５‐１,850
吉野家　24号線大和高田店,奈良県大和高田市曽大根１‐１‐５,850
吉野家　24号線竹田久保町店,京都府京都市伏見区竹田久保町６８,880
吉野家　24号線田原本町店,奈良県磯城郡田原本町大字千代７５番地１‐３,850
吉野家　24号線奈良北店,奈良県奈良市法蓮町４３９‐１,880
吉野家　250号線加古川店,兵庫県加古川市加古川町南備後１３‐１,880
吉野家　250号線西明石店,兵庫県明石市西明石西町１‐１０‐１２,840
吉野家　250号線播磨町店,兵庫県加古郡播磨町北古田１‐１９‐２,850
吉野家　250号線網干店,兵庫県姫路市網干区大江島古川町３８,840
吉野家　254号線新座店,埼玉県新座市野火止１‐７‐２０,950
吉野家　254号線川越木野目店,埼玉県川越市木野目４４６‐１,900
吉野家　258号線桑名店,三重県桑名市大字江場字中野６７６‐１,900
吉野家　258号線大垣店,岐阜県大垣市築捨町４‐１０‐１,900
吉野家　259号線南栄店,愛知県豊橋市南栄町字蟹原２１‐２２,900
吉野家　25号線斑鳩店,奈良県生駒郡斑鳩町幸前２丁目３,850
吉野家　26号線紀ノ川店,和歌山県和歌山市向２０３‐１,850
吉野家　26号線阪南店,大阪府阪南市黒田７０５‐１番地,860
吉野家　27号線敦賀店,福井県敦賀市古田刈１２‐１‐１,900
吉野家　286号線山形南店,山形県山形市南原町２丁目８‐３,800
吉野家　286号線西多賀店,宮城県仙台市太白区鈎取１‐２３７‐１,800
吉野家　28号線洲本店,兵庫県南あわじ市山添字台の内８１‐１,850
吉野家　294号線下館店,茨城県筑西市西谷貝３３０,900
吉野家　296号線富里店,千葉県富里市七栄１２７‐７,950
吉野家　2号線下関長府店,山口県下関市長府才川1-42-41,850
吉野家　2号線加古川平野店,兵庫県加古川市加古川町平野２３７‐１、２３６‐５,840
吉野家　2号線己斐店,広島県広島市西区己斐本町２丁目２０‐１３,900
吉野家　2号線五日市店,広島県広島市佐伯区海老園２‐２‐１９,850
吉野家　2号線御影店,兵庫県神戸市東灘区御影中町２‐２‐１,880
吉野家　2号線新尼崎店,兵庫県尼崎市昭和通７丁目２３９番２号,900
吉野家　2号線新保店,岡山県岡山市南区新保６６１‐１,900
吉野家　2号線早島店,岡山県都窪郡早島町早島３４５８‐１,850
吉野家　2号線大久保店,兵庫県明石市大久保町駅前１丁目１７‐７,850
吉野家　2号線鷹取店,兵庫県神戸市須磨区鷹取町２‐１‐８,880
吉野家　2号線東雲店,広島県広島市南区西霞町１‐２９,900
吉野家　2号線徳山東イン店,山口県下松市大字末武中字上和田１４‐３,880
吉野家　2号線姫路東店,兵庫県姫路市花田町一本松４３７‐３,840
吉野家　2号線福山久松通店,広島県福山市延広町４‐１５,850
吉野家　2号線明石硯町店,兵庫県明石市硯町３丁目４２７‐１,840
吉野家　308号線吉田店,大阪府東大阪市角田１‐５‐５０,860
吉野家　309号線三宅店,大阪府松原市三宅中１丁目２６９‐２,880
吉野家　309号線美原店,大阪府堺市美原区太井８１番１,880
吉野家　31号線海田店,広島県広島市安芸区矢野東１‐２‐７,850
吉野家　329号線南風原店,沖縄県島尻郡南風原町字兼城516番地-1,750
吉野家　329号線与那原店,沖縄県島尻郡与那原町字与那原１０４３,750
吉野家　32号線高知高須東店,高知県高知市高須東町１‐３,800
吉野家　330号線宜野湾店,沖縄県宜野湾市我如古1-54-23,750
吉野家　330号線壷川店,沖縄県那覇市壷川２‐１‐６,750
吉野家　331号線糸満店,沖縄県糸満市潮平772-1,750
吉野家　331号線小禄バイパス店,沖縄県那覇市具志３‐２５‐１２,750
吉野家　339号線五所川原店,青森県五所川原市烏森５０２番地,750
吉野家　349号線那珂菅谷店,茨城県那珂市竹ノ内１‐５‐１６,850
吉野家　34号線佐賀店,佐賀県佐賀市卸本町５‐３４,800
吉野家　34号線長崎大村店,長崎県大村市松並１丁目３７０‐１,750
吉野家　354号線館林店,群馬県館林市富士原町９４３‐１,850
吉野家　354号線大泉店,群馬県邑楽郡大泉町中央２丁目１４３６,870
吉野家　35号線佐世保大塔店,長崎県佐世保市大塔町１８‐１１,750
吉野家　36号線苫小牧店,北海道苫小牧市若草町３丁目２‐２,850
吉野家　385号線那珂川店,福岡県筑紫郡那珂川町片縄東１‐２０‐３,800
吉野家　38号線帯広店,北海道帯広市西１条南１‐１,900
吉野家　3号線近見店,熊本県熊本市南区近見町2-1-5,800
吉野家　3号線高平店,熊本県熊本市北区高平3-1174-1,800
吉野家　3号線黒崎西店,福岡県北九州市八幡西区荻原１‐２‐３３,850
吉野家　3号線宗像店,福岡県宗像市光岡字古賀田３００‐１,850
吉野家　3号線小倉清水店,福岡県北九州市小倉北区清水３‐１０‐８,850
吉野家　3号線松香台店,福岡県福岡市東区松香台1-23-10,850
吉野家　3号線箱崎店,福岡県福岡市東区箱崎2-42-6,850
吉野家　407号線妻沼店,埼玉県熊谷市妻沼１７８０‐１,900
吉野家　407号線太田店,群馬県太田市飯塚町１４３９‐１,900
吉野家　407号線鶴ヶ島店,埼玉県鶴ヶ島市脚折町５‐１６‐１,930
吉野家　414号線沼津南店,静岡県沼津市上香貫１３７４,900
吉野家　41号線高山店,岐阜県高山市上岡本町３‐７８,900
吉野家　41号線小牧店,愛知県小牧市小木東一丁目１４０番地,900
吉野家　41号線大口店,愛知県丹羽郡大口町新宮２‐１６８,900
吉野家　41号線富山城南公園前店,富山県富山市花園町３‐８‐１０,900
吉野家　41号線富山田中町店,富山県富山市田中町5-4-13,1000
吉野家　41号線豊場南店,愛知県名古屋市北区九新町３‐１,950
吉野家　42号線紀三井寺店,和歌山県和歌山市紀三井寺５４１‐１,850
吉野家　42号線御坊店,和歌山県御坊市薗７３‐１,880
吉野家　42号線田辺店,和歌山県田辺市稲成町２３２‐７,880
吉野家　430号線水島店,岡山県倉敷市東塚１丁目３１１‐１,850
吉野家　431号線米子店,鳥取県米子市皆生字大池,800
吉野家　437号線三津浜店,愛媛県松山市祓川１丁目１９９６‐４,850
吉野家　45号線塩竃店,宮城県塩竈市杉の入４丁目３３番,800
吉野家　45号線気仙沼最知店,宮城県気仙沼市最知南最知２番８,850
吉野家　45号線仙台日の出町店,宮城県仙台市宮城野区日の出町２‐１‐１６,800
吉野家　45号線八戸類家店,青森県八戸市類家４‐１‐２,750
吉野家　463号線南与野店,埼玉県さいたま市中央区鈴谷２‐６０３‐２,950
吉野家　467号線六会店,神奈川県藤沢市亀井野２‐４‐５,920
吉野家　46号線盛岡インター店,岩手県盛岡市前潟２‐１‐２,800
吉野家　49号線会津若松店,福島県会津若松市一箕町大字亀賀字郷之原１７４‐１,800
吉野家　49号線郡山西店,福島県郡山市桑野町４‐４７‐１,850
吉野家　49号線郡山東店,福島県郡山市安積町日出山２丁目１５４‐１,850
吉野家　4号線一関店,岩手県一関市山目字十二神１９‐１,800
吉野家　4号線越谷店,埼玉県越谷市谷中町１‐１３４‐１,950
吉野家　4号線岩沼店,宮城県岩沼市末広１‐２４１‐１,800
吉野家　4号線古川店,宮城県大崎市古川若葉町二丁目８４,800
吉野家　4号線幸手店,埼玉県幸手市東２‐２０,900
吉野家　4号線黒岩店,福島県福島市黒岩字榎平５８‐２,850
吉野家　4号線松森店,宮城県仙台市泉区松森斉兵衛２‐８,800
吉野家　4号線新白河店,福島県西白河郡西郷村豊作西１８‐１,850
吉野家　4号線須賀川店,福島県須賀川市大黒町１‐１３５‐１,850
吉野家　4号線水沢店,岩手県奥州市水沢区佐倉河前田８０‐１,800
吉野家　4号線杉戸高野台店,埼玉県幸手市上高野２０７０‐１,900
吉野家　4号線仙台山の寺店,宮城県仙台市泉区山の寺１‐１０９‐１,800
吉野家　4号線大河原店,宮城県柴田郡大河原町5月20日,850
吉野家　4号線梅島店,東京都足立区中央本町１‐１２‐２,1000
吉野家　4号線白石店,宮城県白石市福岡蔵本字西町２０、屋敷前１１２の一部,800
吉野家　4号線富谷店,宮城県黒川郡富谷町ひより台１丁目４３番５,800
吉野家　4号線福島伊達店,福島県伊達市坂ノ上８‐１,850
吉野家　4号線福島東店,福島県福島市入江町１４‐９,850
吉野家　4号線本宮店,福島県本宮市栄田６８‐１,800
吉野家　4号線名取店,宮城県名取市上余田字干刈田５６９‐１,800
吉野家　4号線矢板店,栃木県矢板市中９３０‐１,850
吉野家　4号線簗瀬店,栃木県宇都宮市城東１‐１１‐２６,900
吉野家　50号線バイパス太田店,群馬県太田市丸山町１２７７番地,880
吉野家　50号線桐生店,群馬県桐生市広沢町３‐３７８０‐１,850
吉野家　50号線佐野店,栃木県佐野市若宮下町６‐１５‐１６,880
吉野家　50号線水戸バイパス店,茨城県水戸市河和田２丁目２２２９‐１,880
吉野家　53号線国体町店,岡山県岡山市北区南方５丁目１‐２,900
吉野家　53号線鳥取吉成店,鳥取県鳥取市吉成７７９‐２,800
吉野家　54号線可部店,広島県広島市安佐北区可部南４‐５‐１２,800
吉野家　54号線古市橋店,広島県広島市安佐南区古市１丁目１１９１‐２,800
吉野家　57号線長崎諫早店,長崎県諫早市小川町１‐５,750
吉野家　58号線天久店,沖縄県那覇市天久２‐３１‐５,800
吉野家　58号線北谷桑江店,沖縄県中頭郡北谷町桑江93-3,750
吉野家　58号線牧港店,沖縄県浦添市牧港5丁目5番7号,750
吉野家　6号線ひたちなか市毛店,茨城県ひたちなか市大字市毛９２２‐１０,850
吉野家　6号線我孫子店,千葉県我孫子市並木５丁目１０番６号,900
吉野家　6号線常陸多賀店,茨城県日立市桜川町２‐２‐３,900
吉野家　6号線石岡店,茨城県石岡市大字石岡字外野３９１８‐２,880
吉野家　6号線相馬店,福島県相馬市塚ノ町１丁目１４番７,800
吉野家　6号線日立中央店,茨城県日立市神峰町１‐８‐１５,870
吉野家　6号線白鳥店,東京都葛飾区白鳥２‐２１‐２４,1000
吉野家　7号線酒田東町店,山形県酒田市東町２丁目１‐２,800
吉野家　7号線鶴岡店,山形県鶴岡市美咲町２１番８号,800
吉野家　7号線能代店,秋田県能代市字東大瀬２‐２,750
吉野家　8号線愛知川店,滋賀県愛知郡愛荘町愛知川７９６‐６７,870
吉野家　8号線加賀店,石川県加賀市中代町二６０‐４,900
吉野家　8号線金沢西インター店,石川県金沢市森戸２‐１９６,900
吉野家　8号線栗東店,滋賀県栗東市出庭５４２,870
吉野家　8号線高岡店,富山県高岡市西町４‐２５,900
吉野家　8号線黒埼店,新潟県新潟市西区山田６６２,800
吉野家　8号線鯖江,福井県鯖江市東鯖江1丁目3-3,900
吉野家　8号線小松店,石川県小松市今江町４‐１５７,900
吉野家　8号線松任店,石川県白山市田中町２０４‐１,900
吉野家　8号線成和店,福井県福井市成和１‐９０１‐１,900
吉野家　8号線長岡店,新潟県長岡市寺島町３０７‐１,850
吉野家　8号線彦根店,滋賀県彦根市東沼波町１３８‐１,870
吉野家　8号線福久町店,石川県金沢市福久町ホ１５番１,900
吉野家　8号線野洲店,滋賀県野洲市小篠原４８１‐１,870
吉野家　9号線桂店,京都府京都市西京区樫原盆山５,880
吉野家　9号線出雲店,島根県出雲市渡橋町７４０‐６,830
吉野家　9号線松江店,島根県松江市西津田２‐６‐２３,850
吉野家　9号線福知山店,京都府福知山市駅南町３‐６１,880
吉野家　Dila小山店,栃木県小山市城山町３‐３‐２２ＪＲ小山駅構内,880
吉野家　JR京橋駅店,大阪府大阪市都島区東野田３‐２ＪＲ京橋駅構内外,950
吉野家　JR玉造駅店,大阪府大阪市天王寺区玉造元町１‐４０,950
吉野家　JR熊本店,熊本県熊本市西区春日３‐１５‐１熊本駅構内,800
吉野家　JR神田駅店,東京都千代田区鍛冶町２‐１３‐２６,1050
吉野家　JR西九条駅店,大阪府大阪市此花区西九条１丁目３２‐１６,900
吉野家　JR静岡駅店,静岡県静岡市葵区黒金町４７,900
吉野家　JR塚本駅店,大阪府大阪市淀川区塚本２‐２８‐２,900
吉野家　JR拝島駅店,東京都昭島市松原４‐１４‐４,950
吉野家　JR姫路駅店,兵庫県姫路市駅前町１１８（ＪＲ姫路駅構内）,900
吉野家　JR兵庫駅店,兵庫県神戸市兵庫区駅南通５‐３‐７,900
吉野家　JR明石駅店,兵庫県明石市大明石町１‐１‐２３,880
吉野家　P日本橋一丁目店（弁当専門）,東京都中央区日本橋1-5-3西川ビル1階,1000
吉野家　１号線島田店,静岡県島田市中河町８９６４‐１,900
吉野家　１号線浜松石原町店,静岡県浜松市南区石原町６９３,900
吉野家　２０４号線唐津店,佐賀県唐津市千代田町２１０９‐９０,750
吉野家　２７号線西舞鶴店,京都府舞鶴市字円溝寺小字八丁１３７‐３,880
吉野家　４号線春日部緑町店,埼玉県春日部市緑町6-15-3,900
吉野家　４号線小山本郷店,栃木県小山市本郷１‐２‐５,880
吉野家　４号線北上常盤台店,岩手県北上市常盤台４‐１０‐４４,800
吉野家　６号線いわき湯本店,福島県いわき市常磐下船尾町古内２８９‐８,870
吉野家　７号線青森西店,青森県青森市大字石江字高間３９‐１,750
吉野家　ＡＳＯＢＯＸ小倉店,福岡県北九州市小倉北区中津口２‐２‐１５,850
吉野家　ＪＲＡ中山競馬場店,千葉県船橋市古作1-1-1,950
吉野家　ＪＲ高槻駅前店,大阪府高槻市芥川町１‐７‐５,900
吉野家　ＴＸ守谷駅店,茨城県守谷市中央３丁目２番地,880
吉野家　いわき平やがわせ店,福島県いわき市平谷川瀬字仲山町１８‐１,900
吉野家　うるま志林川店,沖縄県うるま市高江洲1079-1、1080-3,750
吉野家　お初天神店,大阪府大阪市北区曾根崎２丁目５番,950
吉野家　お台場デックス店,東京都港区台場１‐６‐１お台場デックス東京ビーチ１Ｆ,1200
吉野家　お茶の水店,東京都千代田区神田駿河台２‐４,1100
吉野家　ぐみの木店,大阪府大阪狭山市ぐみの木６丁目９２１の１,870
吉野家　こてはし台店,千葉県千葉市花見川区大日町１３６３,950
吉野家　さがみ野駅店,神奈川県海老名市東柏ヶ谷２‐３０‐２８,950
吉野家　せんげん台駅西口店,埼玉県越谷市千間台西１丁目６７番,900
吉野家　たまプラーザ店,神奈川県横浜市青葉区美しが丘1丁目2,1000
吉野家　つくば大境店,茨城県つくば市西大橋５９３‐１,900
吉野家　なんばCITY南館店,大阪府大阪市浪速区難波中二丁目なんばＣＩＴＹ南館４１５１,950
吉野家　ひたちなか店,茨城県ひたちなか市笹野町1-3169-11,850
吉野家　ひめゆり通り店,沖縄県那覇市壷屋2-6-5,750
吉野家　アクロスプラザ足利店,栃木県足利市田中町９５‐１,880
吉野家　アスティ岐阜駅店,岐阜県岐阜市橋本町1-10-1,900
吉野家　イオンタウン釜石店,岩手県釜石市港町2-1-1の2Ｆ,1000
吉野家　イオン相模原店,神奈川県相模原市南区古淵２‐１０‐１,920
吉野家　イセザキモール店,神奈川県横浜市中区伊勢佐木町１‐２‐５,1050
吉野家　エコールいずみ店,大阪府和泉市いぶき野５‐１‐１４東館６０４区画,860
吉野家　カインズホーム結城店,茨城県結城市結城９７８４‐３,880
吉野家　カインズホーム千葉ニュータウン店,千葉県印西市泉野1-1446-6,900
吉野家　カインズホーム木更津店,千葉県木更津市中島３９８,950
吉野家　カインズ宇都宮テクノ店,栃木県宇都宮市ゆいの杜5-26-5,910
吉野家　ザビエル公園店,大阪府堺市堺区戎之町東１‐１,860
吉野家　ダイバーシティ東京プラザ店,東京都江東区青海１‐１‐１０ダイバーシティ東京プラザ６Ｆ,1200
吉野家　ドーチカ店,大阪府大阪市北区堂島1丁目,1000
吉野家　パイプライン浦添店,沖縄県浦添市屋富祖１‐１‐２,750
吉野家　パビリオン成田店,千葉県成田市ウイング土屋８０,950
吉野家　フェニックスプラザ摩耶店,兵庫県神戸市灘区味泥町６‐１フェニックスプラザ摩耶１Ｆ,880
吉野家　フレンテ西宮店,兵庫県西宮市池田町１１‐１,880
吉野家　プリコ三宮店,兵庫県神戸市中央区加納町４丁目１番１号プリコ三宮,950
吉野家　プレナ幕張店,千葉県千葉市美浜区ひび野２‐４プレナ幕張１Ｆ,1000
吉野家　プロメナ神戸店,兵庫県神戸市中央区東川崎町１‐８‐１,900
吉野家　ホワイティ梅田店,大阪府大阪市北区小松原町梅田地下街４‐１号イーストモール,950
吉野家　ポップタウン住道店,大阪府大東市赤井１‐１３‐１,860
吉野家　ミート工場,埼玉県加須市新利根２丁目５‐２,900
吉野家　メトロ東陽町店,東京都江東区東陽町４丁目２‐１,1050
吉野家　メトロ門前仲町店,東京都江東区門前仲町１‐３‐６,1050
吉野家　ヴィアあべのウォーク,大阪府大阪市阿倍野区阿倍野筋１丁目８８‐９,950
吉野家　阿佐ヶ谷店,東京都杉並区成田東５‐４２‐１０,1050
吉野家　阿波座店,大阪府大阪市西区阿波座１‐１３‐１１,900
吉野家　旭川環状通永山店,北海道旭川市永山１０条５丁目８７,850
吉野家　綾瀬駅東口店,東京都足立区綾瀬３丁目１番１５号,1000
吉野家　綾瀬店,神奈川県綾瀬市深谷中４‐６‐１４,950
吉野家　伊賀上野店,三重県伊賀市小田町251,950
吉野家　伊勢佐木町店,神奈川県横浜市中区伊勢佐木町４‐１７,1050
吉野家　伊予松前店,愛媛県伊予郡松前町大字北黒田字石山２４０‐１,850
吉野家　一宮妙興寺店,愛知県一宮市妙興寺１‐２‐１０,950
吉野家　稲沢下津店,愛知県稲沢市下津下町西１‐６２‐１,900
吉野家　稲沢市役所前店,愛知県稲沢市船橋町花ノ木１１９１‐１,900
吉野家　茨田店,大阪府大阪市鶴見区浜３丁目７‐１０７,900
吉野家　宇都宮パセオ店,栃木県宇都宮市川向町１番２３番,900
吉野家　宇都宮競輪場通り店,栃木県宇都宮市上大曽町３６１‐１,900
吉野家　宇都宮南店,栃木県宇都宮市西川田町９３６‐６,900
吉野家　烏丸五条店,京都府京都市下京区諏訪町通五条上る高砂西381番1,900
吉野家　羽曳野店,大阪府羽曳野市向野３丁目７４‐１,880
吉野家　羽田空港新国際線ターミナル店,東京都大田区東京都大田区羽田空港2-6-5,1050
吉野家　羽田空港第1ターミナルビル店,東京都大田区羽田空港3-3-2 ,1300
吉野家　浦安駅前店,千葉県浦安市北栄１‐１７‐１６,1000
吉野家　浦和仲町店,埼玉県さいたま市浦和区仲町２‐３‐２２,950
吉野家　曳舟店,東京都墨田区京島１‐１‐１‐１０１,1000
吉野家　栄生店,愛知県名古屋市西区栄生１丁目３２番１６号,950
吉野家　永犬丸店,福岡県北九州市八幡西区大字永犬丸１０４‐２,750
吉野家　越谷駅高架下店,埼玉県越谷市弥生町４‐１１,950
吉野家　円町店,京都府京都市中京区西ノ京円町３９‐２,900
吉野家　塩釜口店,愛知県名古屋市天白区塩釜口１‐８３２,850
吉野家　塩尻店,長野県塩尻市大字広丘高出１７８３‐１,850
吉野家　押上店,東京都墨田区押上１‐１９‐１,1000
吉野家　横須賀三春町店,神奈川県横須賀市三春町４‐２８‐１,950
吉野家　横須賀中央店,神奈川県横須賀市若松町１‐４‐８,950
吉野家　横堤3丁目店,大阪府大阪市鶴見区横堤3丁目6,900
吉野家　横浜ウインズ野毛店,神奈川県横浜市中区宮川町３‐７１,1050
吉野家　横浜駅西口店,神奈川県横浜市西区南幸２‐７‐１５横川ビル１Ｆ,1100
吉野家　横浜鶴屋町店,神奈川県横浜市神奈川区鶴屋町３‐３２‐１,1050
吉野家　王子神谷店,東京都北区王子５‐９戸部ビル１Ｆ,1000
吉野家　王子東店,東京都北区王子１‐６‐７,1000
吉野家　王寺駅前店,奈良県北葛城郡王寺町久度２丁目３５５５‐１,850
吉野家　岡崎南店,愛知県岡崎市若松東１‐３‐５,900
吉野家　岡崎北店,愛知県岡崎市井ノ口新町１番３,900
吉野家　岡山裁判所前店,岡山県岡山市北区富田町１‐４‐８,900
吉野家　岡山松浜店,岡山県岡山市南区松浜町１５‐２８,900
吉野家　岡山大安寺店,岡山県岡山市北区大安寺南町１丁目６‐１１４,900
吉野家　岡山桃太郎通り店,岡山県岡山市北区本町２番１１３,900
吉野家　岡山平井店,岡山県岡山市中区平井４丁目２４‐３２,900
吉野家　沖縄南インター店,沖縄県沖縄市上地4-20-7,750
吉野家　沖浜南店,徳島県徳島市八万町大野１７８‐３,820
吉野家　屋島店,香川県高松市屋島西町２０２８,900
吉野家　桶川北店,埼玉県桶川市北２丁目１５３８‐４,900
吉野家　下関幡生店,山口県下関市生野町2-28-4,850
吉野家　下高井戸駅店,東京都世田谷区松原３‐２９‐１７,1050
吉野家　下笹目店,埼玉県戸田市笹目６‐２１‐４,950
吉野家　下石神井千川通り店,東京都練馬区下石神井２‐３‐１,1000
吉野家　下鶴間店,神奈川県大和市鶴間１‐２７‐８,950
吉野家　加古川駅北口店,兵庫県加古川市加古川町篠原町字三ツ升３０‐１０,840
吉野家　河合町店,奈良県北葛城郡河合町池部２丁目４,850
吉野家　河内小阪駅前店,大阪府東大阪市小阪本町１‐３‐２,860
吉野家　霞ヶ関3号館店,東京都千代田区霞ヶ関2-1-3中央合同庁舎3号館内,1100
吉野家　海老名サービスエリア店,神奈川県海老名市大谷南５‐２‐１東名高速道路海老名ＳＡ下り,940
吉野家　外環状線醍醐店,京都府京都市伏見区醍醐大構町１５‐５,850
吉野家　笠間友部店,茨城県笠間市東平3-1-14,900
吉野家　葛西駅前店,東京都江戸川区中葛西５‐４３‐１,1000
吉野家　蒲田駅前店,東京都大田区西蒲田７‐５‐１２新中央ビル,1100
吉野家　蒲田西口店,東京都大田区西蒲田７‐１‐１１,1100
吉野家　蒲田東口店,東京都大田区蒲田５‐２４‐３,1100
吉野家　鎌ヶ谷店,千葉県鎌ケ谷市道野辺本町１‐２‐３,900
吉野家　茅ヶ崎小和田店,神奈川県茅ヶ崎市代官町４‐１,950
吉野家　茅場町店,東京都中央区日本橋茅場町１丁目４番‐６,1100
吉野家　寒川一之宮店,神奈川県高座郡寒川町一之宮２‐２２９５‐１,950
吉野家　環状2号線下永谷店,神奈川県横浜市港南区下永谷６‐１０‐２０,980
吉野家　環状4号線霧が丘店,神奈川県横浜市緑区霧が丘２‐２‐３,1000
吉野家　環状7号線鹿浜店,東京都足立区鹿浜３‐２‐２０,950
吉野家　環状7号線豊玉南店,東京都練馬区豊玉南２‐１６‐１５,1000
吉野家　環状線和泉店,愛媛県松山市土居田町９４‐１,850
吉野家　環状通東店,北海道札幌市東区北１５条東１７丁目１,850
吉野家　環状通美園店,北海道札幌市豊平区美園４条６丁目４２,850
吉野家　関目店,大阪府大阪市城東区関目５‐５‐７,860
吉野家　丸田町店,愛知県名古屋市中区栄５‐２５‐２８,950
吉野家　岸和田和泉インター店,大阪府岸和田市三田町４００‐２１,860
吉野家　岩倉店,愛知県岩倉市大地新町３‐１０,900
吉野家　岐阜羽島店,岐阜県羽島市竹鼻町丸の内１‐１,900
吉野家　岐阜市橋店,岐阜県岐阜市市橋２‐８‐５,900
吉野家　岐阜則武店,岐阜県岐阜市則武中２‐３５‐７,900
吉野家　岐阜長森店,岐阜県岐阜市石長町５‐１６‐１,850
吉野家　岐阜六条店,岐阜県岐阜市六条江東３‐５‐１,900
吉野家　気仙沼店,宮城県気仙沼市田中前２丁目１‐５,850
吉野家　亀戸駅前店,東京都江東区亀戸２‐２０‐７,1000
吉野家　亀山店,三重県亀山市東御幸町穴淵２２４‐２,900
吉野家　吉祥寺北店,東京都武蔵野市吉祥寺本町１‐８‐３ダイヤガイビル１Ｆ,1050
吉野家　久屋大通錦店,愛知県名古屋市中区錦３‐６‐１５,950
吉野家　久喜店,埼玉県久喜市久喜本７８５‐１,900
吉野家　久留米市役所前店,福岡県久留米市中央町２３番地２,800
吉野家　久留米上津店,福岡県久留米市上津町字原屋敷１４１４‐６,800
吉野家　宮崎祇園店,宮崎県宮崎市霧島4-44-1,780
吉野家　宮崎神宮東店,宮崎県宮崎市神宮東１‐６８‐３,780
吉野家　宮崎瀬頭店,宮崎県宮崎市瀬頭２‐１‐４,780
吉野家　宮崎南店,宮崎県宮崎市中村西３‐６１,780
吉野家　宮城佐沼店,宮城県登米市迫町佐沼字萩洗２丁目１番３,800
吉野家　牛久栄町店,茨城県牛久市栄町５丁目５９‐１,900
吉野家　牛久南店,茨城県牛久市南6-4-5,900
吉野家　牛皿一丁西新宿8丁目店,東京都新宿区西新宿８‐４‐１,1100
吉野家　魚津店,富山県魚津市上村木字前飛地８４８‐２,900
吉野家　京王多摩センター店,東京都多摩市落合１丁目１０番地１,950
吉野家　京橋店,東京都中央区京橋３‐６‐２１,1100
吉野家　京阪枚方市駅店,大阪府枚方市岡東町１９番１４号京阪駅構内,880
吉野家　京成高砂駅前店,東京都葛飾区高砂５‐２９‐１１,950
吉野家　京成船橋店,千葉県船橋市本町１‐５‐１,1000
吉野家　京都駅八条口店,京都府京都市南区西九条北ノ内町４１番４,930
吉野家　京都競馬場店,京都府京都市伏見区葭島渡場町３２京都競馬場内１Ｆ,910
吉野家　京都九条店,京都府京都市南区西九条東島町６１,900
吉野家　京都百万遍店,京都府京都市左京区田中門前町２８‐１４吹上ビル,850
吉野家　京都洛北店,京都府京都市左京区下鴨本町１２‐３洛北ビル,880
吉野家　狭山台店,埼玉県狭山市狭山台１‐２‐５,900
吉野家　玉江橋線塚口店,兵庫県尼崎市塚口本町３丁目３８０‐９,880
吉野家　玉出店,大阪府大阪市住之江区粉浜西１丁目１‐２３,900
吉野家　玉村上飯島店,群馬県佐波郡玉村町大字上飯島269番1,850
吉野家　玉名パーキングエリア店,熊本県玉名郡南関町大字下坂下字四反田１５５９‐３,740
吉野家　錦糸町店,東京都墨田区江東橋３‐１４‐１３サンライズビル,1000
吉野家　錦糸町北口店,東京都墨田区錦糸２丁目４番１０号ライオンズマンション錦糸町第３,1000
吉野家　近鉄八戸ノ里駅店,大阪府東大阪市小阪３丁目１‐１近鉄八戸ノ里駅構内,860
吉野家　近鉄八尾駅前店,大阪府八尾市光町２丁目１８０番１号ペントモール５番街,860
吉野家　金沢もりの里店,石川県金沢市もりの里1-60,900
吉野家　金沢久安店,石川県金沢市久安１‐４８５,900
吉野家　金沢新神田店,石川県金沢市新神田２丁目250番,900
吉野家　金沢畝田店,石川県金沢市畝田西１‐１０３,900
吉野家　金沢百番街店,石川県金沢市木ノ新保１‐１金沢百番街内,920
吉野家　金町北口店,東京都葛飾区東金町１‐２２‐１１,950
吉野家　銀座3丁目店,東京都中央区銀座３‐５‐５,1100
吉野家　九条店,大阪府大阪市西区千代崎２‐１０‐１,950
吉野家　釧路桂店,北海道釧路郡釧路町桂２丁目１番地,850
吉野家　熊谷駅北口店,埼玉県熊谷市筑波２‐１１２,900
吉野家　熊本銀座通り店,熊本県熊本市中央区花畑町12-4-1,800
吉野家　熊本光の森店,熊本県菊池郡菊陽町光の森６丁目２,800
吉野家　熊本上通り店,熊本県熊本市中央区上通町8-17,800
吉野家　熊本東バイパス店,熊本県熊本市東区上南部２丁目１‐１０８,800
吉野家　熊本日赤通り店,熊本県熊本市中央区帯山６丁目３‐３２,800
吉野家　栗林店,香川県高松市東ハゼ１２‐４,900
吉野家　恵比寿駅前店,東京都渋谷区恵比寿西１‐９‐６,1100
吉野家　恵美須町店,大阪府大阪市浪速区日本橋５丁目１３‐９,900
吉野家　犬山店,愛知県犬山市大字犬山字東古券３１６‐１,900
吉野家　見沼南中野店,埼玉県さいたま市見沼区南中野４６１番地１,950
吉野家　元住吉駅前店,神奈川県川崎市中原区木月２‐３‐１,1050
吉野家　原宿竹下口店,東京都渋谷区神宮前１‐１７‐１,1100
吉野家　古市場店,千葉県千葉市緑区古市場町６２４‐１,950
吉野家　古出来町店,愛知県名古屋市千種区北千種１丁目１‐１,900
吉野家　戸塚駅西口店,神奈川県横浜市戸塚区戸塚町１６‐１Ｂ２０４,950
吉野家　戸田新曽店,埼玉県戸田市新曽２０９７,1000
吉野家　戸田店,埼玉県戸田市下戸田２‐１１‐４,1000
吉野家　虎ノ門店,東京都港区虎ノ門１丁目１番２１号,1150
吉野家　五合橋線尾浜店,兵庫県尼崎市尾浜町１‐２９‐１,900
吉野家　五日市街道並木町店,東京都国分寺市並木町２‐２３‐７,950
吉野家　五反田駅前店,東京都品川区東五反田１‐１３‐７,1100
吉野家　御徒町駅前店,東京都台東区上野４‐２‐１,1100
吉野家　御堂筋難波店,大阪府大阪市中央区道頓堀２丁目１‐１,1000
吉野家　厚木街道東希望が丘店,神奈川県横浜市旭区東希望が丘４２番地,950
吉野家　厚木関口店,神奈川県厚木市関口２３６ー５,950
吉野家　向ヶ丘駅前店,神奈川県川崎市多摩区登戸２７３７,1000
吉野家　江古田南口店,東京都練馬区豊玉上１‐１０江古田スカイマンション１Ｆ,1000
吉野家　江南店,愛知県江南市高屋町西里５‐２,900
吉野家　港町店,福岡県福岡市中央区港２‐７‐７,850
吉野家　港南台店,神奈川県横浜市港南区港南台２‐２４‐１,1000
吉野家　港北ニュータウン店,神奈川県横浜市都筑区茅ヶ崎２‐１１‐１０,1000
吉野家　溝の口店,神奈川県川崎市高津区溝口１‐１１‐２３タイムワンビル１Ｆ,1050
吉野家　甲府バイパス向町店,山梨県甲府市向町５１７‐１,900
吉野家　甲府バイパス竜王店,山梨県甲斐市富竹新田１２７９‐１,900
吉野家　甲府駅前店,山梨県甲府市丸の内１丁目２番１３号,900
吉野家　荒川沖店,茨城県稲敷郡阿見町字住吉１８９４‐２,900
吉野家　行徳相之川店,千葉県市川市相之川２‐６‐４,1000
吉野家　高円寺駅前店,東京都杉並区高円寺北２‐４‐７杉原ビル１Ｆ,1050
吉野家　高岡宝町店,富山県高岡市宝町２‐１８,900
吉野家　高崎環状線上豊岡店,群馬県高崎市上豊岡町８３３‐１他,880
吉野家　高崎大類町店,群馬県高崎市上大類町１０１８‐１,880
吉野家　高崎飯塚町店,群馬県高崎市飯塚町475-1,880
吉野家　高松瓦町店,香川県高松市南新町８‐１‐１,900
吉野家　高松中央インター店,香川県高松市木太町５８１‐４,900
吉野家　高知インター店,高知県高知市高そね１４‐６,800
吉野家　高槻若松町店,大阪府高槻市若松町２４４番地１,900
吉野家　高槻店,大阪府高槻市城西町４‐４６,900
吉野家　高田馬場駅前店,東京都新宿区高田馬場１‐２６‐１２高田馬場ビル１０７号,1100
吉野家　高島平大門店,東京都板橋区高島平３丁目３番２,1000
吉野家　高浜沢渡町店,愛知県高浜市沢渡町５‐５‐１０,900
吉野家　高陽店,広島県広島市安佐北区口田南７‐８‐２３,850
吉野家　鴻池新田店,大阪府東大阪市中鴻池町２‐１‐７,860
吉野家　国際センター店,愛知県名古屋市中村区那古野１‐４６‐１２,950
吉野家　国分寺北口店,東京都国分寺市本町２‐１０‐５近藤ビル,950
吉野家　国立駅南口店,東京都国立市東１‐６‐２８,950
吉野家　国立府中インター店,東京都国立市谷保６２０‐１,1000
吉野家　今里店,大阪府大阪市東成区大今里西１丁目３０番１０号シャリテ今里,900
吉野家　根津店,東京都文京区根津２‐１９‐１,1050
吉野家　佐賀環状東通り店,佐賀県佐賀市巨勢町大字牛島一本松４１５‐４,800
吉野家　佐世保下京店,長崎県佐世保市下京町１‐１,750
吉野家　佐倉ユーカリが丘店,千葉県佐倉市上座１２０５‐１,900
吉野家　佐波川サービスエリア上り店,山口県防府市佐野台ヶ原１４３１,900
吉野家　佐野大橋店,栃木県佐野市大橋町２０６５‐５,900
吉野家　坂出店,香川県坂出市元町３‐５‐２,900
吉野家　阪急茨木市駅前店,大阪府茨木市別院町３番１号井上旭ビル,900
吉野家　阪急上新庄店,大阪府大阪市東淀川区上新庄２‐２４‐２４,900
吉野家　阪急西院店,京都府京都市右京区西院高山寺町１２‐１,880
吉野家　阪神競馬場店,兵庫県宝塚市駒の町１‐１阪神競馬場１階フードコート内,900
吉野家　阪奈宝来店,奈良県奈良市宝来４丁目９１９,850
吉野家　堺東店,大阪府堺市堺区新町５‐７,860
吉野家　桜橋店,大阪府大阪市北区曽根崎新地２丁目１番２１号,1000
吉野家　札幌駅APIA店,北海道札幌市中央区北５条西４丁目,850
吉野家　札幌西町店,北海道札幌市西区西町南１１‐１‐１,850
吉野家　札幌狸小路店,北海道札幌市中央区南３条西４丁目１２番１号,850
吉野家　三ノ輪店,東京都台東区根岸５‐１８‐１５,1000
吉野家　三宮駅南店,兵庫県神戸市中央区旭通５丁目３‐１５,950
吉野家　三宮北店,兵庫県神戸市中央区中山手通り１丁目２‐１,900
吉野家　三郷上彦名店,埼玉県三郷市上彦名４１７‐１,950
吉野家　三郷中央店,埼玉県三郷市谷中494-1,950
吉野家　三軒茶屋店,東京都世田谷区太子堂２‐１６‐８,1100
吉野家　三鷹駅南口店,東京都三鷹市下連雀３‐２７‐９,1050
吉野家　三沢松園町店,青森県三沢市松園町３‐１‐３２,750
吉野家　山口防府店,山口県防府市八王子1-28-13,850
吉野家　産業道路美原店,北海道函館市美原１丁目２７番１２,830
吉野家　四ッ谷駅前店,東京都新宿区四谷１‐８‐１４,1100
吉野家　四条東洞院店,京都府京都市下京区四条通東洞院東入中立売西町５９番地２,930
吉野家　子母口店,神奈川県川崎市高津区子母口５２１‐２,1000
吉野家　市ヶ谷駅前店,東京都千代田区五番町３‐３‐１,1050
吉野家　市川駅前店,千葉県市川市市川１‐８‐２,1000
吉野家　市川鬼高店,千葉県市川市鬼高３‐１４‐１１,1000
吉野家　市大病院前店,愛知県名古屋市瑞穂区瑞穂通１丁目２番,900
吉野家　市谷本村町店,東京都新宿区市谷本村町５番１号,1100
吉野家　市役所通り蒲郡店,愛知県蒲郡市竹谷町松本２２‐１,900
吉野家　志木南口店,埼玉県新座市東北２‐３８‐１,920
吉野家　寺田町駅前店,大阪府大阪市天王寺区大道４ー１０ー９駅前たつみビル,900
吉野家　自由ヶ丘店,東京都目黒区自由が丘１‐１０‐３,1100
吉野家　鹿屋店,鹿児島県鹿屋市寿2-8,850
吉野家　鹿児島伊敷店,鹿児島県鹿児島市伊敷町５５‐３,780
吉野家　鹿児島住吉店,鹿児島県鹿児島市住吉町１０‐１６,800
吉野家　鹿児島天文館店,鹿児島県鹿児島市千日町４‐５,800
吉野家　鹿児島東開店,鹿児島県鹿児島市東開町４‐７,780
吉野家　鹿島田駅前店,神奈川県川崎市幸区新塚越１‐２,1000
吉野家　篠ノ井バイパス店,長野県長野市合戦場３‐３８,850
吉野家　篠崎駅前店,東京都江戸川区篠崎町７‐２７‐１,960
吉野家　芝浦店,東京都港区芝浦３‐１５‐７,1100
吉野家　芝大門店,東京都港区芝大門２‐１‐２山口ビル,1150
吉野家　芝田町店,大阪府大阪市北区芝田町２‐１‐２１,1000
吉野家　守口店,大阪府守口市京阪本通２‐１５‐１３,860
吉野家　守山店,愛知県名古屋市守山区大谷町１‐４３,900
吉野家　守谷美園店,茨城県守谷市美園４‐１‐６,880
吉野家　手稲前田店,北海道札幌市手稲区前田５条６丁目３‐１６,850
吉野家　秋田広面店,秋田県秋田市広面字樋ノ沖８２‐２,830
吉野家　秋葉原中央通り店,東京都千代田区外神田１‐１１‐８,1100
吉野家　秋葉原店,東京都千代田区神田松永町１０番地,1100
吉野家　習志野台店,千葉県船橋市習志野１‐９‐２３,950
吉野家　習志野藤崎店,千葉県習志野市藤崎４‐３‐１５,900
吉野家　住之江公園店,大阪府大阪市住之江区南加賀屋２丁目８‐２６,900
吉野家　十三店,大阪府大阪市淀川区十三本町１丁目８番１７号,950
吉野家　十条台店,東京都北区十条台1-5-70,1200
吉野家　十二所前線姫路西店,兵庫県姫路市東今宿３‐１２２５‐１,840
吉野家　渋川インター店,群馬県渋川市半田２４７９‐１,900
吉野家　渋谷109前店,東京都渋谷区道玄坂２‐５‐７,1200
吉野家　宿河原店,神奈川県川崎市多摩区長尾５‐１９,950
吉野家　春吉店,福岡県福岡市中央区春吉３‐２１‐２１,900
吉野家　春日井出川町店,愛知県春日井市出川町８‐１０‐６,900
吉野家　春日井店,愛知県春日井市鳥居松町１‐１５‐２９７,900
吉野家　春日宝町店,福岡県春日市宝町四丁目２４‐６,800
吉野家　初台店,東京都渋谷区代々木４‐３２‐３,1100
吉野家　所沢駅前店,埼玉県所沢市日吉町１１‐２０富士ビル１Ｆ,920
吉野家　女池上山店,新潟県新潟市中央区女池上山254-1,850
吉野家　小岩店,東京都江戸川区西小岩３‐３１‐１０,980
吉野家　小岩南口店,東京都江戸川区南小岩７‐２５‐１,980
吉野家　小金井店,東京都小金井市前原町４‐１３‐６,950
吉野家　小倉京町店,福岡県北九州市小倉北区京町２‐６‐１８大丸ビル,850
吉野家　小倉競馬場店,福岡県北九州市小倉南区北方4-5-1,750
吉野家　小倉中井店,福岡県北九州市小倉北区中井２丁目７‐２１,850
吉野家　小伝馬町店,東京都中央区日本橋堀留町１‐１１‐１０,1100
吉野家　小田急海老名駅店,神奈川県海老名市上郷５７０番地,1000
吉野家　小田急町田駅南口店,東京都町田市原町田６‐１１‐７,950
吉野家　小田急町田駅北口店,東京都町田市森野１‐３９‐１８,950
吉野家　小田急登戸駅店,神奈川県川崎市多摩区登戸３４３７‐２,1000
吉野家　小田原駅前店,神奈川県小田原市栄町１‐１４‐３,950
吉野家　小田原飯泉店,神奈川県小田原市飯泉字両毛脇７４１‐４,950
吉野家　庄内緑地公園店,愛知県名古屋市西区南川町１５‐１８,950
吉野家　松原団地西口店,埼玉県草加市松原1-1 ハーモネスタワー松原Ｂ棟110,950
吉野家　松戸みのり台店,千葉県松戸市稔台８‐１‐６,950
吉野家　松戸古ヶ崎店,千葉県松戸市古ヶ崎４‐３５２３,950
吉野家　松戸西口店,千葉県松戸市本町２０‐２,950
吉野家　松戸東口店,千葉県松戸市１２３０‐１ニュートウキョウセブンプラザ,950
吉野家　松江学園通り店,島根県松江市学園１‐１７‐２０,850
吉野家　松阪店,三重県松阪市朝日町字石田３６５‐１７,950
吉野家　松山枝松店,愛媛県松山市枝松１‐９‐２６,850
吉野家　松山竹原店,愛媛県松山市竹原2-116-1,1000
吉野家　湘南新道辻堂店,神奈川県藤沢市辻堂太平台２‐１‐１４,950
吉野家　上越高田店,新潟県上越市木田３丁目１８２２,850
吉野家　上社店,愛知県名古屋市名東区上社２‐２４１,950
吉野家　上前津店,愛知県名古屋市中区大須４‐１１‐４４チサンマンション,1000
吉野家　上大岡店,神奈川県横浜市港南区上大岡西１‐１０‐９,1000
吉野家　上尾駅前店,埼玉県上尾市谷津２‐１‐５０‐１,930
吉野家　上北沢店,東京都世田谷区上北沢５‐２‐４,1000
吉野家　上本町店,大阪府大阪市天王寺区上本町６丁目６‐２３,900
吉野家　上末吉店,神奈川県横浜市鶴見区上末吉５‐４‐１８,950
吉野家　上野駅前店,東京都台東区上野７‐３‐２ＧＥ上野駅前ビル１Ｆ,1050
吉野家　城陽久津川店,京都府城陽市久世北垣内３１‐１,850
吉野家　尻手店,神奈川県横浜市鶴見区尻手２ー５ー１,1000
吉野家　寝屋川市駅前店,大阪府寝屋川市早子町２３‐２アドバンスねやがわ２号館１０５,880
吉野家　寝屋川昭栄町店,大阪府寝屋川市昭栄町１６‐８,880
吉野家　寝屋川仁和寺店,大阪府寝屋川市仁和寺１２‐１５,880
吉野家　新4号線上三川店,栃木県河内郡上三川町しらさぎ１丁目６‐８,880
吉野家　新横浜駅北口店,神奈川県横浜市港北区篠原町２９３７番地,1000
吉野家　新開地店,兵庫県神戸市兵庫区新開地通２‐１‐９,900
吉野家　新潟海老ケ瀬インター店,新潟県新潟市東区大形本町５‐１６‐６,800
吉野家　新潟競馬場店,新潟県新潟市北区豊栄笹山３４９０新潟競馬場内,800
吉野家　新潟三条店,新潟県三条市上須頃３２３番地,800
吉野家　新潟本町通店,新潟県新潟市中央区本町通６番町１１４０‐１カントリーホテル１Ｆ,800
吉野家　新居浜神郷店,愛媛県新居浜市神郷１‐１２２５‐１,900
吉野家　新居浜店,愛媛県新居浜市松木町４‐１４,900
吉野家　新京成八柱駅店,千葉県松戸市日暮１‐１‐２,950
吉野家　新橋烏森口店,東京都港区新橋３‐１６‐３新橋烏森ビル１，２Ｆ,1200
吉野家　新橋東店,東京都港区新橋２‐１８‐５,1200
吉野家　新琴似4番通店,北海道札幌市北区新琴似８条１７丁目７６５‐３,850
吉野家　新宿1丁目店,東京都新宿区新宿１‐３３‐１０スペーシア新宿,1100
吉野家　新宿4丁目店,東京都新宿区新宿４‐３‐２２安藤ビル,1100
吉野家　新宿センタービル店,東京都新宿区西新宿１‐２５‐１新宿センタービル地下１階,1100
吉野家　新宿御苑店,東京都新宿区新宿２‐６‐３,1100
吉野家　新宿東口靖国通り店,東京都新宿区新宿３‐２３‐７ユニカビル,1100
吉野家　新宿南口店,東京都渋谷区代々木２‐８‐５,1100
吉野家　新宿百人町店,東京都新宿区百人町１丁目２４番４号,1100
吉野家　新所沢店,埼玉県所沢市けやき台１‐１３‐６,900
吉野家　新小岩駅前店,東京都葛飾区新小岩１‐４３‐３,1000
吉野家　新神戸店,兵庫県神戸市中央区生田町１‐１‐２２,880
吉野家　新瑞橋店,愛知県名古屋市瑞穂区瑞穂通８ー１９ー４,900
吉野家　新青梅街道島忠小平店,東京都東久留米市前沢５‐３３‐１７島忠家具センター１Ｆ,980
吉野家　新青梅街道東大和店,東京都東大和市蔵敷３丁目８８９番地の１,950
吉野家　新千歳空港店,北海道千歳市美々新千歳空港ターミナルビル１階,850
吉野家　新大久保駅前店,東京都新宿区百人町２丁目４‐１,1100
吉野家　新大橋通り八丁堀店,東京都中央区八丁堀１‐１１‐５,1100
吉野家　新長田店,兵庫県神戸市長田区大橋町４‐６‐１,900
吉野家　新梅田食道街店,大阪府大阪市北区角田町９‐１７,930
吉野家　新百合ヶ丘津久井道店,神奈川県川崎市麻生区片平１‐７‐４,950
吉野家　新木場駅前店,東京都江東区新木場１丁目１番１号,1150
吉野家　神戸伊川谷店,兵庫県神戸市西区伊川谷町潤和字上古川１１５５‐１,850
吉野家　神戸駅前店,兵庫県神戸市中央区多聞通３‐２‐１７,950
吉野家　神戸元町店,兵庫県神戸市中央区元町通２‐９‐１元町プラザビル,900
吉野家　神戸名谷インター店,兵庫県神戸市垂水区名谷町９９７‐４,840
吉野家　神谷町店,東京都港区虎ノ門５‐１１‐１５,1100
吉野家　神保町店,東京都千代田区神田神保町２‐７,1050
吉野家　人形町店,東京都中央区日本橋人形町２‐３‐２,1100
吉野家　甚目寺店,愛知県あま市萱津字五反田５７,900
吉野家　吹田山田店,大阪府吹田市山田西2-7-14,900
吉野家　垂水駅東口店,兵庫県神戸市垂水区神田町１‐２０,840
吉野家　水戸駅店,茨城県水戸市宮町１‐１‐１,850
吉野家　水戸笠原店,茨城県水戸市笠原町１１９４‐２,880
吉野家　水戸城南店,茨城県水戸市城南３‐７‐９,880
吉野家　水道橋三崎町店,東京都千代田区三崎町２丁目１番１号,1050
吉野家　瑞江駅前店,東京都江戸川区東瑞江１‐２７‐４福田ビル,950
吉野家　瑞穂店,岐阜県瑞穂市馬場小城町１‐２３,850
吉野家　瀬谷駅前店,神奈川県横浜市瀬谷区中央１‐４,950
吉野家　成田国際空港第2ターミナル店,千葉県成田市古込1-1,1200
吉野家　清水大坪店,静岡県静岡市清水区大坪１‐９‐１１,900
吉野家　盛岡バイパス上田店,岩手県盛岡市上田４‐１７‐２７,800
吉野家　盛岡南店,岩手県盛岡市津志田南１‐１‐４０,800
吉野家　聖蹟桜ヶ丘駅前店,東京都多摩市関戸二丁目３９番地５ダイヤメイト聖蹟,950
吉野家　西荻窪駅前店,東京都杉並区西荻北３‐１９‐２,1050
吉野家　西葛西駅1番街,東京都江戸川区西葛西６‐１４‐２,1000
吉野家　西宮北IC店,兵庫県西宮市山口町名来２丁目１９番地,880
吉野家　西京極七条店,京都府京都市右京区西京極佃田町１７番（公募地番）,900
吉野家　西五反田一丁目店,東京都品川区西五反田１‐３３‐８,1100
吉野家　西条店,愛媛県西条市朔日市２８２‐１,900
吉野家　西新井駅トスカ店,東京都足立区西新井栄町２‐１‐１,950
吉野家　西新橋店,東京都港区西新橋２‐２３‐２,1150
吉野家　西川口駅前店,埼玉県川口市西川口１‐２３‐１９,1000
吉野家　西船橋店,千葉県船橋市西船４‐２１‐１７千成ビル１Ｆ,950
吉野家　西大須店,愛知県名古屋市中区大須２ー２７ー４０新日本ビル,950
吉野家　西大島店,東京都江東区大島１‐３０‐９,1050
吉野家　西中島南方駅前店,大阪府大阪市淀川区西中島３‐２０‐９,950
吉野家　西田辺店,大阪府大阪市阿倍野区西田辺１‐１７‐１,900
吉野家　西日暮里店,東京都荒川区西日暮里５‐１４‐１１,1000
吉野家　西八王子駅前店,東京都八王子市千人町２‐２０‐３たつみやビル１Ｆ,950
吉野家　西尾店,愛知県西尾市下町神明下５９,930
吉野家　青山一丁目店,東京都港区北青山１‐３‐３三橋ビル１Ｆ,1100
吉野家　青森駅前店,青森県青森市新町１‐１‐１２,750
吉野家　青梅新町店,東京都青梅市新町５‐３‐１４,950
吉野家　静岡SBS通り店,静岡県静岡市駿河区中田４‐７‐２１,900
吉野家　静岡インター通り店,静岡県静岡市駿河区西中原１丁目９４９‐１,900
吉野家　静岡呉服町通り店,静岡県静岡市葵区紺屋町６‐１２,900
吉野家　静岡瀬名川店,静岡県静岡市葵区瀬名川２‐４‐１０,900
吉野家　石巻バイパス店,宮城県石巻市南中里４‐７‐１９,850
吉野家　石巻大街道店,宮城県石巻市大街道西１丁目,850
吉野家　石川パーキングエリア店,東京都八王子市石川町中央道石川ＰＡ内,910
吉野家　赤羽東口店,東京都北区赤羽１‐１０‐２,1000
吉野家　赤坂三丁目店,東京都港区赤坂３丁目１２番１１号,1100
吉野家　赤塚パーキングエリア店,愛知県豊川市市田町北山７‐２０,950
吉野家　摂津鳥飼店,大阪府摂津市鳥飼上４‐１‐３８,900
吉野家　摂津別府店,大阪府摂津市東別府３丁目６‐１２,900
吉野家　仙台駅前店,宮城県仙台市青葉区中央１‐７‐１第一志ら梅ビル１Ｆ,850
吉野家　仙台駅東口店,宮城県仙台市宮城野区榴ヶ岡２‐１‐２０ＨＰビル１Ｆ,850
吉野家　仙台岡田店,宮城県仙台市宮城野区岡田北高屋敷３０‐１,800
吉野家　仙台加茂店,宮城県仙台市泉区加茂２‐１‐１,800
吉野家　仙台河原町店,宮城県仙台市若林区河原町１丁目１‐２７,800
吉野家　仙台宮千代店,宮城県仙台市宮城野区宮千代２丁目２‐８,800
吉野家　仙台広瀬通り店,宮城県仙台市青葉区本町２‐１‐８第一広瀬ビル１Ｆ,850
吉野家　仙台高砂店,宮城県仙台市宮城野区福室字高砂駅東７‐１,800
吉野家　仙台国分町店,宮城県仙台市青葉区国分町２‐１‐１,850
吉野家　仙台中山店,宮城県仙台市泉区南中山１‐４１‐１,800
吉野家　仙台長町南店,宮城県仙台市太白区長町８丁目２１‐６,800
吉野家　仙台定禅寺通り店,宮城県仙台市青葉区国分町３‐１‐４,850
吉野家　仙台藤松店,宮城県仙台市青葉区藤松２丁目１０番,800
吉野家　仙台北目町通店,宮城県仙台市青葉区中央４丁目９番６‐２,850
吉野家　千音寺店,愛知県名古屋市中川区吉津１丁目１８０８,900
吉野家　千歳店,北海道千歳市北栄２丁目１３４５番２９,850
吉野家　千種駅前店,愛知県名古屋市千種区今池１‐１‐１,950
吉野家　千住大橋店,東京都足立区千住河原町１‐８,950
吉野家　千日前店,大阪府大阪市中央区難波千日前１２‐４１,1000
吉野家　千葉さつきが丘店,千葉県千葉市花見川区犢橋町１１０２‐３,950
吉野家　千葉モノレール天台駅前店,千葉県千葉市稲毛区轟町５丁目５‐２４,950
吉野家　千葉中央店,千葉県千葉市中央区富士見町２‐２２星野ビル,950
吉野家　千葉末広街道店,千葉県千葉市中央区末広３‐１７‐１,950
吉野家　川越クレアモール店,埼玉県川越市脇田町７‐１,900
吉野家　川越街道成増店,東京都板橋区成増１‐２８‐１４,1000
吉野家　川越栗橋線菖蒲町店,埼玉県久喜市菖蒲町下栢間９１５‐1,1000
吉野家　川越的場店,埼玉県川越市的場８０１‐１,900
吉野家　川越北環状線上寺山店,埼玉県川越市大字上寺山字東田397番7,950
吉野家　川口駅東口店,埼玉県川口市川口１‐１‐１キュポ・ラＡ棟１Ｆ,1000
吉野家　川口芝店,埼玉県川口市芝３‐１９‐４,950
吉野家　川口柳崎店,埼玉県川口市柳崎３‐９‐２,950
吉野家　川崎駅前店,神奈川県川崎市川崎区駅前本町２‐１,1100
吉野家　川崎街道矢野口店,東京都稲城市矢野口８６８番地,950
吉野家　川崎西口店,神奈川県川崎市幸区中幸町４丁目５１,1050
吉野家　川崎追分店,神奈川県川崎市川崎区追分町２‐２ウィステリアヒルズ１Ｆ,1050
吉野家　川崎店,神奈川県川崎市川崎区砂子１‐１‐８,1100
吉野家　川崎富士見店,神奈川県川崎市川崎区富士見町１‐７‐１５,1050
吉野家　川西店,兵庫県川西市下加茂１丁目４７２‐１,850
吉野家　浅草駅前店,東京都台東区花川戸１‐５‐２,1050
吉野家　浅草中央店,東京都台東区浅草２‐１０‐１３,1050
吉野家　浅草通り稲荷町店,東京都台東区東上野３丁目３３番,1050
吉野家　船橋市場町店,千葉県船橋市市場２‐２‐２８,1000
吉野家　船橋二和東店,千葉県船橋市二和東６‐２‐３,900
吉野家　船場中央店,大阪府大阪市中央区南本町２‐６‐８,900
吉野家　曾根崎東店,大阪府大阪市北区堂山町４丁目４阪急東ビル１Ｆ,950
吉野家　祖師ヶ谷大蔵駅前店,東京都世田谷区砧６‐３９‐６,1000
吉野家　倉敷市役所前店,岡山県倉敷市白楽町418-5,850
吉野家　倉敷店,岡山県倉敷市西中新田５３５‐２,850
吉野家　早良街道西新店,福岡県福岡市早良区曙１‐１３‐２５,850
吉野家　相武台店,神奈川県座間市相武台１‐４５０６,920
吉野家　相模原駅前店,神奈川県相模原市中央区相模原３丁目１‐１３,950
吉野家　相模原店,神奈川県相模原市中央区富士見２‐１,950
吉野家　相模原二本松店,神奈川県相模原市緑区二本松３丁目３１番,950
吉野家　相模大野駅前店,神奈川県相模原市南区相模大野３‐３１０‐１１,950
吉野家　総社店,岡山県総社市中央５‐１０‐１０４,850
吉野家　草加駅東口店,埼玉県草加市高砂２丁目１７番２２号,950
吉野家　草加新栄店,埼玉県草加市新栄1丁目,1100
吉野家　草加新田店,埼玉県草加市旭町１‐３５０‐１,950
吉野家　蔵前橋通鳥越店,東京都台東区台東１丁目３７‐７,1050
吉野家　多摩ニュータウン店,東京都多摩市乞田１１６４‐２,950
吉野家　太子堂店,大阪府八尾市南太子堂２‐１‐５９,880
吉野家　太平通店,愛知県名古屋市中川区太平通１‐１３,900
吉野家　打越店,愛知県名古屋市千種区星が丘２‐８０,900
吉野家　袋井店,静岡県袋井市川井字杉の木９９０‐５,900
吉野家　大安寺店,奈良県奈良市南京終町３丁目１５３０‐１２,850
吉野家　大井松田店,神奈川県足柄上郡大井町金子１８４２,950
吉野家　大井町西口店,東京都品川区大井１‐１‐１６,1050
吉野家　大街道店,愛媛県松山市大街道２丁目６‐２,850
吉野家　大館清水店,秋田県大館市清水２丁目１‐１,750
吉野家　大宮西口店,埼玉県さいたま市大宮区桜木町１‐１‐１１,950
吉野家　大宮通り芝辻町店,奈良県奈良市芝辻町１‐８７‐１,850
吉野家　大宮店,埼玉県さいたま市大宮区仲町１‐９７第２ヨシケンビル１Ｆ,1000
吉野家　大宮東口店,埼玉県さいたま市大宮区大門町１‐１７‐１,1000
吉野家　大橋店,福岡県福岡市南区大橋１‐１９‐２２,850
吉野家　大国町店,大阪府大阪市浪速区敷津東２丁目５‐１２,900
吉野家　大黒PA店,神奈川県横浜市鶴見区大黒ふ頭15,1000
吉野家　大阪京橋店,大阪府大阪市都島区東野田町５‐２‐２８,900
吉野家　大阪空港前店,大阪府豊中市蛍池西町２丁目１４１‐６,900
吉野家　大山駅前店,東京都板橋区大山町４‐６,1000
吉野家　大手前店,大阪府大阪市中央区谷町２‐７‐６,900
吉野家　大森店,東京都大田区大森北１‐７‐６,1050
吉野家　大正店,大阪府大阪市大正区三軒家東１‐１９‐９,950
吉野家　大泉学園北口店,東京都練馬区東大泉1-29-7,1000
吉野家　大船店,神奈川県鎌倉市大船１ー５ー２,950
吉野家　大池通り長丘店,福岡県福岡市南区長丘５‐１５‐１,850
吉野家　大津膳所店,滋賀県大津市におの浜３‐１‐５７,870
吉野家　大津通栄店,愛知県名古屋市中区栄３‐２７‐７,1000
吉野家　大通西10丁目店,北海道札幌市中央区大通西１０丁目４‐１７３,850
吉野家　大塚店,東京都豊島区南大塚２‐４６‐３,1000
吉野家　大日店,大阪府守口市大日町３丁目１‐１３,900
吉野家　大分大道バイパス店,大分県大分市畑中８‐１２,780
吉野家　大分竹町店,大分県大分市中央町１丁目５‐１,800
吉野家　大野城店,福岡県大野城市瓦田７１５,800
吉野家　大和駅前店,神奈川県大和市中央１‐１‐２６,950
吉野家　大和田駅前店,大阪府門真市野里町１‐３２,880
吉野家　第2環状線笹原店,愛知県名古屋市天白区福池２丁目４１９,900
吉野家　第2阪和岸和田店,大阪府岸和田市小松里町８５‐１,880
吉野家　第2阪和泉佐野店,大阪府泉佐野市高松東２ー６５２９,860
吉野家　第2阪和泉大津店,大阪府泉大津市北豊中町３ー１ー３,860
吉野家　第二阪和岸和田八阪店,大阪府岸和田市八阪町1-7-13,880
吉野家　第二阪和浜寺店,大阪府堺市西区浜寺船尾町東１丁１１２番,860
吉野家　拓殖大学店,東京都八王子市館町８１５‐１,920
吉野家　谷田部インター店,茨城県つくば市台町２‐３‐１４,900
吉野家　谷和原インター店,茨城県つくばみらい市小絹字下宿７２６‐２,900
吉野家　淡路町店,東京都千代田区神田須田町１‐１０‐１,1050
吉野家　池袋ロサ店,東京都豊島区西池袋１‐３７‐１２,1050
吉野家　池袋東口店,東京都豊島区東池袋１‐７‐８,1050
吉野家　池袋北口店,東京都豊島区西池袋１‐２４‐１,1050
吉野家　築港本町店,福岡県福岡市博多区神屋町９‐１４,900
吉野家　築地店,東京都中央区築地５‐２‐１中央卸売市場フードＣ,1200
吉野家　築地東店,東京都中央区築地６‐１０‐６,1100
吉野家　竹の塚駅前店,東京都足立区竹之塚６‐５‐３,950
吉野家　中央環状松原店,大阪府松原市丹南４丁目１‐４,880
吉野家　中央環状線久宝寺店,大阪府東大阪市大蓮東４丁目１９７‐１,900
吉野家　中央環状線巨摩橋店,大阪府東大阪市若江南町３‐８‐５３,900
吉野家　中央大通り深江橋店,大阪府大阪市東成区東今里２‐２‐６,900
吉野家　中環学園町店,大阪府摂津市学園町１‐７‐４４,900
吉野家　中京競馬場店,愛知県豊明市間米町敷田１２２５（中京競馬場内）,1000
吉野家　中原街道上白根店,神奈川県横浜市旭区上白根町７２９‐４,1000
吉野家　中山競馬場前店,千葉県市川市若宮３‐４８‐３,950
吉野家　中村公園店,愛知県名古屋市中村区太閤通９丁目１５‐２,950
吉野家　中百舌鳥店,大阪府堺市北区百舌鳥梅町２丁３‐３,860
吉野家　中目黒駅前店,東京都目黒区上目黒３‐３‐５,1100
吉野家　中野北口店,東京都中野区中野５丁目６６番３号,1050
吉野家　朝霞台駅南口店,埼玉県朝霞市東弁財１‐４‐１７,920
吉野家　朝潮橋店,大阪府大阪市港区八幡屋１‐１‐１５,950
吉野家　町田駅前店,東京都町田市原町田４‐１‐８ヤンビル,950
吉野家　町田街道小山町店,東京都町田市小山町３６４７‐１,950
吉野家　町田根岸店,東京都町田市根岸町１４１‐１,950
吉野家　町田小川店,東京都町田市小川３‐２‐１,950
吉野家　町田鶴川店,東京都町田市大蔵町２１５‐１,950
吉野家　調布駅前店,東京都調布市布田１‐３７清水ビル内,950
吉野家　長久手南店,愛知県長久手市市ヶ洞25番139,900
吉野家　長居公園通り店,大阪府大阪市東住吉区照ヶ丘矢田１‐２３‐１,900
吉野家　長居店,大阪府大阪市住吉区長居東４‐２‐３,900
吉野家　長崎駅前店,長崎県長崎市大黒町９‐３１アンガスビル１Ｆ,800
吉野家　長崎滑石店,長崎県長崎市滑石２‐１‐４０,800
吉野家　長泉店,静岡県駿東郡長泉町納米里１９９‐１,950
吉野家　長田五番町店,兵庫県神戸市長田区五番町６‐５‐１,900
吉野家　長浜店,滋賀県長浜市八幡東町１３‐１,870
吉野家　長堀店,大阪府大阪市中央区島之内１‐１８‐５,950
吉野家　長野中御所店,長野県長野市中御所４丁目８番１５号,850
吉野家　津駅チャム店,三重県津市羽所町官有地,900
吉野家　津島金柳店,愛知県津島市金柳町字観音堂２０番,900
吉野家　鶴橋駅前店,大阪府大阪市東成区東小橋３‐１６‐２,900
吉野家　鶴見駅西口店,神奈川県横浜市鶴見区豊岡町１４‐２８,1000
吉野家　鶴巣パーキングエリア店,宮城県黒川郡大和町東北自動車道鶴巣ＰＡ下り施設内フードコート,800
吉野家　天王寺北口店,大阪府大阪市天王寺区悲田院町９‐１７,950
吉野家　天下茶屋店,大阪府大阪市西成区岸里１‐２‐９,900
吉野家　天神サザン通り店,福岡県福岡市中央区天神２‐６‐３２パルスビル,900
吉野家　天神橋六丁目店,大阪府大阪市北区天神橋６丁目６番１９号,930
吉野家　天川大島店,群馬県前橋市天川大島町１‐３３‐４,870
吉野家　伝馬町店,愛知県名古屋市熱田区神宮二丁目６０８番地,900
吉野家　田原町店,東京都台東区西浅草１丁目７‐２０,1200
吉野家　田端店,東京都北区田端新町２‐８‐８田端大沢ビル,1000
吉野家　田無駅ビル店,東京都西東京市田無町４‐１‐３,980
吉野家　都営線本八幡店,千葉県市川市八幡2-16-4,980
吉野家　都町店,千葉県千葉市中央区都町２丁目２‐５,900
吉野家　都島店,大阪府大阪市都島区善源寺町１丁目５番５３号,860
吉野家　都立大学駅前店,東京都目黒区平町１‐２７‐２,1050
吉野家　土浦真鍋店,茨城県土浦市真鍋２丁目３８８‐１,900
吉野家　土佐バイパス店,高知県高知市鴨部３丁目８８４‐１,800
吉野家　東バイパス松島店,福岡県福岡市東区松島６‐４‐８,850
吉野家　東浦和店,埼玉県さいたま市緑区東浦和８‐１‐１３,950
吉野家　東岡山店,岡山県岡山市中区神下１０４‐１,900
吉野家　東京駅八重洲通り店,東京都中央区日本橋３丁目４番１１号,1100
吉野家　東京工科大学店,東京都八王子市片倉町１４０４‐１東京工科大学内・厚生棟,920
吉野家　東銀座店,東京都中央区銀座３‐１１‐１１,1100
吉野家　東光寺店,福岡県福岡市博多区東光寺町１‐５‐２,850
吉野家　東広島西条店,広島県東広島市西条町大字土与丸５‐３‐２２,810
吉野家　東合川店,福岡県久留米市東合川２‐３‐１３,800
吉野家　東三国店,大阪府大阪市淀川区東三国４‐３‐１４,950
吉野家　東松山新郷店,埼玉県東松山市新郷１８９‐２,930
吉野家　東新小岩店,東京都葛飾区東新小岩３丁目１３番地,1000
吉野家　東陽町店,東京都江東区東陽４‐１‐１８皆川ビル１Ｆ,1050
吉野家　藤が丘店,神奈川県横浜市青葉区藤が丘１丁目１７‐７,1000
吉野家　藤枝小石川店,静岡県藤枝市小石川町１‐６‐１９,900
吉野家　藤沢石川店,神奈川県藤沢市石川１‐１‐１８,950
吉野家　藤沢南口店,神奈川県藤沢市南藤沢２０‐５,950
吉野家　道頓堀店,大阪府大阪市中央区道頓堀１‐３‐１６東山ビル,950
吉野家　徳山駅前店,山口県周南市有楽町2番地青木ビル1F,880
吉野家　那の川店,福岡県福岡市中央区白金２丁目１１‐６‐１,850
吉野家　内環状線江坂店,大阪府吹田市穂波町６‐２０,950
吉野家　南バイパス太宰府店,福岡県太宰府市梅香苑１‐１‐４１,800
吉野家　南越谷店,埼玉県越谷市南越谷１‐２３‐１,950
吉野家　南海難波店,大阪府大阪市浪速区難波中１丁目１８‐１４,950
吉野家　南郷通6丁目店,北海道札幌市白石区南郷通６丁目北４２‐２,850
吉野家　南港通り平野店,大阪府大阪市平野区平野西１‐１‐４,900
吉野家　南小岩店,東京都江戸川区南小岩８‐２‐２０,980
吉野家　南池袋店,東京都豊島区南池袋２‐２６‐４,1050
吉野家　尼宝線池尻店,兵庫県伊丹市池尻２‐１,870
吉野家　尼宝線労災病院前店,兵庫県尼崎市稲葉元町３丁目２１,900
吉野家　廿日市店,広島県廿日市市宮内１丁目１‐５,850
吉野家　日吉駅前店,神奈川県横浜市港北区日吉本町１‐２２‐１０,1050
吉野家　日立川尻店,茨城県日立市川尻町４丁目２９,850
吉野家　馬喰町店,東京都中央区日本橋1-5-7,1050
吉野家　梅島駅前店,東京都足立区梅田８‐２‐１４,950
吉野家　博多デイトスアネックス店,福岡県福岡市博多区博多駅中央街１番１号ＪＲ九州築紫口ビル１階,880
吉野家　博多駅地下街店,福岡県福岡市博多区博多駅中央街１‐１博多駅地下街内,880
吉野家　博多祇園店,福岡県福岡市博多区祇園町６‐４３,850
吉野家　柏西口店,千葉県柏市あさひ町１‐４‐１６,950
吉野家　柏東口店,千葉県柏市柏１‐５‐１９,950
吉野家　粕屋仲原店,福岡県糟屋郡粕屋町仲原口ノ坪2538-1,900
吉野家　八王子大和田店,東京都八王子市大和田５‐３‐３,950
吉野家　八王子南口店,東京都八王子市子安町１‐３‐１１長谷川ビル,950
吉野家　八戸の里店,大阪府東大阪市御厨南２‐４‐３,860
吉野家　八戸石堂店,青森県八戸市石堂2-21-8,750
吉野家　八千代台西口店,千葉県八千代市八千代台西１‐１０,950
吉野家　八潮店,埼玉県八潮市上馬場４７６‐１,950
吉野家　八日市店,滋賀県東近江市妙法寺７０８,850
吉野家　八幡久保田店,京都府八幡市八幡久保田35-24,900
吉野家　八尾高安店,大阪府八尾市高安町北7-178-6,880
吉野家　鳩ヶ谷店,埼玉県川口市三ツ和2-12-1,900
吉野家　飯田インター店,長野県飯田市育良町３‐１‐１４,900
吉野家　飯田大門町,長野県飯田市大門町85-1、85-3、85-4,900
吉野家　飯能駅前店,埼玉県飯能市仲町１１‐２１,850
吉野家　肥後橋店,大阪府大阪市西区京町堀１‐７‐４,950
吉野家　尾久橋通り皿沼店,東京都足立区皿沼３‐３２‐１,1000
吉野家　尾久橋通り舎人店,東京都足立区舎人２‐１９‐２,1000
吉野家　尾西店,愛知県一宮市三条字道東４５‐１,900
吉野家　尾張旭印場店,愛知県尾張旭市白鳳町２‐３２,900
吉野家　尾張旭三郷店,愛知県尾張旭市井田町１丁目８５番（地番）,900
吉野家　尾頭橋店,愛知県名古屋市中川区尾頭橋１‐８‐９,900
吉野家　美濃加茂店,岐阜県美濃加茂市山手町３‐１２６,900
吉野家　姫路南店,兵庫県姫路市飾磨区構４‐９４,840
吉野家　姫路北店,兵庫県姫路市保城９４３‐１,840
吉野家　品川駅港南口店,東京都港区港南２丁目２番１５号,1200
吉野家　浜街道宇多津店,香川県綾歌郡宇多津町浜二番丁２０‐１７,900
吉野家　浜松ディーラー通り店,静岡県浜松市東区和田町779-1、779-2,1100
吉野家　浜松駅店,静岡県浜松市中区砂山町３２２‐４,900
吉野家　浜松志都呂店,静岡県浜松市西区志都呂町４６‐１３,900
吉野家　浜松西インター店,静岡県浜松市西区湖東町３０５３,900
吉野家　浜松町店,東京都港区浜松町２‐７‐１,1150
吉野家　浜線八王寺店,熊本県熊本市中央区八王寺町839,800
吉野家　浜町店,東京都中央区日本橋浜町１‐２‐４,1100
吉野家　富山呉羽店,富山県富山市呉羽町７２７５‐２,900
吉野家　富山豊田町店,富山県富山市豊田町２‐１２３‐１,900
吉野家　富山本郷新店,富山県富山市本郷新１４‐５,900
吉野家　布施駅前店,大阪府東大阪市長堂１‐１近鉄布施駅敷地内,900
吉野家　府中中河原店,東京都府中市住吉町１‐１９,950
吉野家　武生店,福井県越前市新保町３０字５０‐２,900
吉野家　武蔵浦和駅前店,埼玉県さいたま市南区別所７‐７,920
吉野家　武蔵小金井駅前店,東京都小金井市本町２‐５‐２,1000
吉野家　武蔵小山店,東京都品川区小山３‐２１‐１４,1050
吉野家　武蔵小杉店,神奈川県川崎市中原区新丸子東２‐９２４‐８,1050
吉野家　武蔵小杉南口店,神奈川県川崎市中原区小杉町３丁目４４１番２６,1050
吉野家　武蔵村山店,東京都武蔵村山市中原３‐１‐１,950
吉野家　伏見通錦店,愛知県名古屋市中区錦2-9-23,950
吉野家　伏見南店,京都府京都市伏見区横大路下三栖辻堂町３８番１,880
吉野家　福井花堂店,福井県福井市花堂北２‐１２１２,900
吉野家　福井二の宮店,福井県福井市幾代２丁目１５０１,900
吉野家　福岡原田店,福岡県福岡市東区原田3-3-26,950
吉野家　福山手城町店,広島県福山市手城町４丁目３３１２‐１,850
吉野家　福山新涯店,広島県福山市新涯町５‐４４８,850
吉野家　福生店,東京都福生市福生７９９‐５,950
吉野家　福島競馬場店,福島県福島市松浪町9-23福島競馬場内,850
吉野家　福島店,大阪府大阪市福島区福島５‐１４‐１２,950
吉野家　平井店,東京都江戸川区平井５‐１５‐７,1000
吉野家　平手店,愛知県名古屋市緑区平手南１丁目２０１番地,900
吉野家　平針店,愛知県名古屋市天白区平針５‐１０２,950
吉野家　平塚駅前店,神奈川県平塚市紅谷町2-1,1100
吉野家　平塚天沼店,神奈川県平塚市天沼１‐４２,950
吉野家　平野店,大阪府大阪市平野区平野元町７‐１３,900
吉野家　平和島店,東京都大田区大森北３‐３９‐１４大和ビル１Ｆ,1050
吉野家　米子市役所前店,鳥取県米子市加茂町１丁目１００,800
吉野家　方南町店,東京都杉並区方南２‐２１‐５（高橋ビル）,1000
吉野家　泡瀬ベイストリート店,沖縄県沖縄市泡瀬４‐２０‐１,750
吉野家　豊橋平川店,愛知県豊橋市平川町３４‐１,900
吉野家　豊洲店,東京都江東区豊洲４‐１‐１,1150
吉野家　豊田インター通り店,愛知県豊田市深田町１丁目７４‐１,1000
吉野家　豊田駅前店,東京都日野市多摩平２‐３‐１,950
吉野家　北浦和西口店,埼玉県さいたま市浦和区北浦和４‐２‐３,950
吉野家　北越谷駅前店,埼玉県越谷市北越谷４丁目２番９号,950
吉野家　北花田店,大阪府堺市北区北花田町３‐３２‐６,860
吉野家　北小金店,千葉県松戸市根木内２６,950
吉野家　北千住本町商店街店,東京都足立区千住2-31 白石ビル1Ｆ,1000
吉野家　北巽店,大阪府大阪市生野区巽北３丁目１５‐２４豊都ビル１０３号,900
吉野家　北名古屋店,愛知県北名古屋市井瀬木郷前9番1,900
吉野家　本厚木店,神奈川県厚木市中町２‐１‐２２,1000
吉野家　本市場店,静岡県富士市本市場４２５‐２,950
吉野家　枚方渚内野店,大阪府枚方市渚内野１‐２３５４‐１,880
吉野家　枚方東香里店,大阪府枚方市東香里南町５２‐３０,880
吉野家　霧島国分店,鹿児島県霧島市国分野口東5-48,800
吉野家　名駅サンロード店,愛知県名古屋市中村区名駅４‐７‐２３,1000
吉野家　名駅西店,愛知県名古屋市中村区椿町１‐３,950
吉野家　名駅太閤通口店,愛知県名古屋市中村区椿町７‐４,1000
吉野家　名岐一宮店,愛知県一宮市富士３‐３‐６,900
吉野家　名岐岐南町店,岐阜県羽島郡岐南町大字伏屋６‐１７９,900
吉野家　名護バイパス店,沖縄県名護市大北５‐２２‐２３,800
吉野家　名四四日市店,三重県四日市市北納屋町１‐２１,950
吉野家　名四長島店,三重県桑名市長島町福吉字青鷺５１７‐１,900
吉野家　名四飛島店,愛知県海部郡飛島村大字飛鳥新田字竹之郷イロイ割9‐１,900
吉野家　名四宝神町店,愛知県名古屋市港区神宮寺１‐５１１,950
吉野家　名四要町店,愛知県名古屋市南区丹後通４‐６‐１,900
吉野家　名神豊中庄内店,大阪府豊中市庄内栄町４丁目２１‐３６,900
吉野家　名鉄堀田駅前店,愛知県名古屋市瑞穂区塩入町４‐１０,900
吉野家　名鉄名古屋駅店,愛知県名古屋市中村区名駅１‐２‐１,1000
吉野家　明石魚住町店,兵庫県明石市魚住町清水地番２３６０‐５,840
吉野家　明大前店,東京都世田谷区松原１‐３８‐４,1050
吉野家　木更津駅前店,千葉県木更津市富士見１‐１‐１,900
吉野家　目黒駅前店,東京都品川区上大崎２‐２７‐２,1100
吉野家　門前仲町店,東京都江東区富岡１‐１０‐８,1050
吉野家　野々市店,石川県野々市市粟田６‐４２,900
吉野家　野菜工場,埼玉県加須市新利根2丁目5‐2,900
吉野家　野里店,大阪府大阪市西淀川区花川２‐２１‐１３,900
吉野家　柳ヶ瀬店,岐阜県岐阜市柳ケ瀬通１‐３,850
吉野家　柳生店,宮城県名取市田高字神明１８６番,800
吉野家　有楽町銀座口店,東京都千代田区有楽町2-9,1150
吉野家　有明セントラルタワー店,東京都江東区有明3-7-18有明ｾﾝﾄﾗﾙﾀﾜｰ2階,1200
吉野家　羊ヶ丘通清田店,北海道札幌市清田区清田２条３丁目３,850
吉野家　淀川通塚本店,大阪府大阪市淀川区塚本２丁目１３‐２０,900
吉野家　藍住町店,徳島県板野郡藍住町東中富２８‐１,820
吉野家　利府店,宮城県宮城郡利府町神谷沢字館の内７３‐１,800
吉野家　立花駅前店,兵庫県尼崎市立花町１‐３‐１,900
吉野家　立花店,東京都墨田区立花５‐２‐１,1000
吉野家　立場店,神奈川県横浜市泉区中田北１‐２６‐６,950
吉野家　立川南口店,東京都立川市錦町１‐３‐２８,1000
吉野家　立川北口大通り店,東京都立川市曙町２‐１２‐２,1000
吉野家　流山店,千葉県流山市加４‐１６４３,900
吉野家　龍野店,兵庫県たつの市龍野町富永７９６‐１,840
吉野家　両国店,東京都墨田区緑１‐１７‐１ペリエ両国,1100
吉野家　緑一丁目店,大阪府大阪市鶴見区緑１丁目１９‐２,900
吉野家　臨海岸和田店,大阪府岸和田市下野町３丁目１０番３９号,880
吉野家　臨海石津川店,大阪府堺市西区浜寺石津町西２丁目３２２‐１,860
吉野家　臨海二色の浜店,大阪府貝塚市沢８７７‐１,880
吉野家　臨海緑町店,大阪府堺市堺区緑町１‐１４‐１,880
吉野家　鈴鹿西条店,三重県鈴鹿市西条９‐４,950
吉野家　練馬店,東京都練馬区練馬１丁目５‐４,1000
吉野家　蓮田サービスエリア店,埼玉県蓮田市大字黒浜字桜ヶ丘３４７５‐３,1000
吉野家　蓮田店,埼玉県蓮田市西新宿１‐７,930
吉野家　連島店,岡山県倉敷市連島３‐８‐３５,850
吉野家　六甲桜口店,兵庫県神戸市灘区友田町３丁目６‐１２,880
吉野家　和歌山築地橋店,和歌山県和歌山市舟津町１丁目１０番地,880
吉野家　和歌山東店,和歌山県和歌山市太田５６４‐３,850
吉野家　和光笹目通り店,埼玉県和光市丸山台３‐１０‐６,950
吉野家　蕨駅前店,埼玉県蕨市塚越１‐４‐１,1000
吉野家　杁中店,愛知県名古屋市昭和区隼人町６‐１９,850
小割通店,愛知県名古屋市港区小割通3丁目1番、17番,1000
