江古田店,900
西荻窪店,1050
阿佐ヶ谷店,1050
荻窪北口店,1050
高円寺店,1100
池袋西口店,1050
大塚店,1040
蒲田店,1000
国立店,1000
吉祥寺南口店,1100
下北沢店,1200
鶴見店,1000
八王子店,980
大森店,1100
西船橋店,900
経堂店,1000
高田馬場店,1050
豊田店,950
金町店,900
淵野辺店,950
武蔵村山店,920
明大前店,1000
渋谷センター街店,1100
高田馬場１丁目店,1050
草加店,880
立川店,1000
新宿西口店,1100
駒沢店,1100
神保町店,1000
大山店,950
大宮東口店,1000
多摩ニュータウン店,950
鶴瀬店,900
ひばりが丘店,900
池袋サンシャイン通り店,1050
三鷹南口店,1050
国分寺南口店,1000
尼崎店,960
岸和田店,850
新宿歌舞伎町店,1100
大和店,900
千日前店,1000
本厚木店,1000
鶴見東口店,1000
梅田店,1000
所沢店,920
相模原店,950
町田店,950
堺東店,850
市川店,960
喜連瓜破店,860
布施店,850
南池袋店,1050
門前仲町店,1000
本八幡店,960
大船店,950
小田急相模原店,950
代々木店,1100
都立大学店,1100
平井店,950
西五反田店,1000
松戸店,900
白山店,1040
石神井公園店,950
神楽坂店,1050
熊谷店,900
横須賀中央店,950
目黒東口店,1100
清瀬店,900
練馬店,950
北浦和店,950
千葉店,950
南方店,900
東久留米店,900
三宿店,1100
川崎店,1000
立川錦町店,1000
神戸元町店,950
亀戸店,950
高田馬場４丁目店,1050
浦安店,1000
赤羽店,950
川崎銀座街店,1000
上大岡店,1050
十三店,900
日吉店,1000
恵比寿店,1100
平塚店,950
西川口店,950
神田須田町店,1000
新宿南口店,1100
三軒茶屋店,1100
針中野店,860
横浜店,1100
浅草橋店,1000
神田西口店,1000
関大前店,850
姫路店,820
阿倍野店,900
京都三条店,1000
富士見台店,950
中野通り店,1000
心斎橋店,1000
関西空港店,900
成増店,950
柏東口店,900
津田沼店,950
納屋橋店,900
武蔵新城店,1000
近大前店,830
本郷三丁目店,1000
熊谷バイパス店,900
長良町店,900
都筑インター店,1000
広小路本町店,1000
野方店,1000
伊勢佐木町店,1050
曙橋店,1100
高槻南口店,900
亀島店,900
北小金店,900
蕨店,950
錦糸町店,1000
大宮仲町店,950
志木店,900
金山店,1000
大泉学園店,950
中村橋店,900
元住吉店,1000
溝の口店,1000
西新宿店,1100
秋葉原店,1100
向ヶ丘遊園店,900
錦糸町南店,1000
神立店,950
下高井戸店,1000
上野店,1100
千歳烏山店,1100
本八幡南口店,960
大久保店,1050
中野坂上店,1000
あびこ店,860
京成大久保店,950
大岡山店,1000
狭山店,900
深大寺店,1050
川崎枡形店,950
小滝橋通り店,1100
赤坂見附店,1000
新栄店,950
吉祥寺サンロード店,1100
祐天寺店,1100
東五反田店,1000
蒲田東口店,1000
今池店,1000
代々木八幡店,1000
中野南口店,1000
町屋店,950
王子店,950
横浜西口店,1100
東武練馬店,950
戸越銀座店,1000
行徳店,1000
堀川丸太町店,950
伊丹店,900
南海難波店,1000
鹿島田店,1000
渋谷宮益坂店,1100
赤坂店,1000
武蔵小山店,1000
岐阜鏡島店,850
岐阜茜部店,850
春日井店,920
自由ヶ丘店,1100
早稲田店,1100
秦野店,900
神田小川町店,1000
新高円寺店,1000
保谷店,900
藤沢南口店,950
馬喰町店,1000
京都久御山店,950
春日部店,850
稲毛店,950
東大宮店,900
ふじみ野店,900
海老名店,900
錦糸町北口店,1000
志木東口店,900
町田中町店,950
西所沢店,850
関内仲通り店,1050
西新井店,900
新宿二丁目店,1100
鴬谷店,1000
京阪京橋店,900
綱島店,1000
草津店,850
久里浜店,950
千歳船橋店,1200
東村山店,900
武蔵関店,1000
両国店,1000
高津店,1000
旗の台店,1000
千駄木店,1000
八重洲店,1000
方南町店,1000
天理PA店,850
桜美林学園店,950
四ツ橋店,940
学芸大学店,1100
北浦和東口店,950
橋本店,950
駒込店,1000
みずほ台店,900
白楽店,1000
森下店,950
新小岩店,950
踊場店,950
東戸塚店,950
四日市日永店,900
四日市富田店,900
東長崎店,900
紀ノ川大橋店,850
南行徳店,1000
戸越公園店,1000
鴨居店,950
新宿靖国通り店,1100
秋葉原中央通り店,1100
中目黒店,1100
上石神井店,980
北松戸店,890
三河安城店,900
京王八王子店,980
厚木店,950
久我山店,1000
鴨江店,950
東十条店,950
上板橋店,950
桜木町店,1050
池袋アゼリア通り店,1000
下赤塚店,950
浅草吾妻橋店,1000
西千葉店,950
鶴間店,900
中延店,1000
ときわ台店,950
横須賀中央駅前店,950
大井町店,1100
武蔵境店,1000
天王町店,950
町田東口店,950
三鷹北口店,1050
八幡山店,1000
人形町店,1000
阪急園田店,900
津田沼南口店,950
武蔵小金井北口店,1000
千葉我孫子店,900
岩塚店,900
鶴橋店,900
通天閣店,900
新宿大ガード店,1100
千川店,950
西八王子店,950
初台店,1100
不動前店,1000
板橋桜川店,950
志村坂上店,1000
板橋本町店,1000
東高円寺店,1000
今里店,900
小雑賀店,850
東小金井店,1000
豊田山之手店,950
長後店,900
入谷店,950
尾山台店,1000
桜上水店,1000
新木場店,1050
深川不動前店,1000
羽村店,900
福生店,900
立川曙橋店,1000
上鶴間店,950
我孫子若松店,900
新検見川店,950
九条店,900
大阪本町店,940
初石店,890
三ノ輪店,950
鷺宮店,1000
中野富士見町店,1000
安城錦町店,900
仲御徒町店,950
新中野店,1000
藤沢北口店,950
梅田角田町店,1000
東松山店,900
多摩愛宕店,950
岡崎北店,900
蘇我店,950
豊田十塚店,950
中野新橋店,1000
東船橋店,950
氷川台店,950
高島平店,1000
新大塚店,1000
川口上青木店,950
藤沢石川店,950
日野店,950
東千葉店,950
逗子店,950
昭島松原町店,900
和泉店,830
帝京大学前店,950
名古屋競馬場前店,900
五井店,900
お花茶屋店,900
姫路南店,820
大島店,950
池尻大橋店,1100
浦安富士見店,1000
狛江店,980
浮間舟渡店,950
元町東口店,950
笹塚２丁目店,1000
紀尾井町店,1000
新所沢東口店,850
南柏店,890
吉祥院店,950
香里園店,850
百万遍店,950
大阪茨木店,880
祖師谷大蔵３丁目店,980
新橋３丁目店,1100
小牧店,900
静岡八幡店,920
豊橋つつじが丘店,850
神戸新開地店,850
豊田東新町店,950
越谷駅前店,880
桑名店,900
河原町店,1000
小平店,900
菊名店,1000
国領店,1000
生田店,950
川崎西口店,1000
東武霞ヶ関店,900
代々木上原店,1000
西ノ宮店,900
博多駅前店,800
西新店,800
下板橋店,950
東中野店,1000
桜橋店,1000
酒々井ＰＡ店,900
東大宮駅前店,900
新宿1丁目店,1100
草加清門町店,880
蓮田店,900
京都西院店,950
南津守店,850
鎌ヶ谷店,850
大津通錦店,1000
平針駅前店,900
京王つつじヶ丘店,1000
朝霞台店,900
水戸駅前店,870
成田店,900
野並店,850
中板橋店,950
小田原店,900
小岩南口店,950
久米川店,900
亀戸南店,950
ふじみ野駅前店,900
刈谷日高店,950
静岡池田店,920
板橋区役所前店,1000
千葉幸町店,950
名駅西店,900
池袋東口駅前店,1050
半田店,900
鶴ヶ島店,900
下総中山店,960
本川越店,950
江戸川店,950
北綾瀬店,900
小平小川店,900
宝塚旭町店,900
東久留米下里店,900
蕨北町店,900
八幡黒崎店,800
横浜南幸店,1100
豊橋藤沢町店,850
岡山駅前店,880
岡山駅西口店,880
蓮田関山店,900
沼袋店,1000
東大井町店,1100
二俣川店,1000
谷町九丁目店,900
本蓮沼店,950
高崎江木町店,920
三田店,1000
伊勢原店,900
天神店,800
沼津店,900
水戸東原店,870
川越西口店,950
富士ラウンドワン店,900
湘南台店,950
つくば西大通り店,900
武庫川店,960
船橋南口店,1000
稲城矢野口店,980
新杉田店,950
立川柴崎町店,900
水戸バイパス店,870
東大和清水店,900
朝霞店,900
青梅新町店,920
反町店,1000
淵野辺北口店,950
青砥店,960
与野店,900
高田馬場２丁目店,1050
つくば大角豆店,900
東淀川菅原店,900
東神奈川店,1000
布施南店,850
茅ヶ崎店,950
上前津店,900
尾張旭店,900
今出川店,950
穴川オーツーパーク店,950
天神橋六丁目店,950
土浦真鍋店,860
越谷蒲生店,880
王子１丁目店,950
足立保塚店,900
高坂店,900
石橋駅前店,850
和光白子店,1000
仙台中央店,830
仙台南町通り店,830
東比恵店,800
野火止店,900
四谷三丁目店,1000
糀谷店,1000
浦和太田窪店,900
浦和町谷店,900
仙台鹿島店,830
池袋東通り店,1000
新潟駅前店,850
大津店,850
清水南店,920
沼津南店,900
東住吉湯里店,860
エイトタウン本宮店,800
本内店,800
秋津店,900
大垣店,800
花園町店,850
仙台定禅寺通り店,1100
前橋上小出町店,850
日立桜川町店,880
四日市堀木店,900
多治見店,900
綾瀬店,900
住之江公園店,850
古淵店,940
亀田インター店,850
五箇荘店,850
岡山商科大前店,850
小倉片野店,800
一宮店,850
城清水店,800
石和店,880
広島矢野店,860
大泉学園南口店,950
伊勢崎宮子町店,850
福井御幸店,860
甲府飯田店,880
保土ヶ谷店,950
柏崎店,850
袖ヶ浦店,900
立川北口店,1000
小山店,850
館林店,880
川越インター店,900
上尾緑丘店,900
西船橋南店,900
豊山店,900
新潟米山店,850
西新宿８丁目店,1100
取手店,870
五反野店,900
松本駅前店,850
高崎駅前店,920
奈良駅前店,850
入間店,900
新松戸西口店,900
水道橋店,1000
盛岡駅前通店,800
富山田中町店,900
柏中央町店,900
木更津店,900
神戸玉津店,850
白河店,820
千林大宮店,900
大宮吉野町店,900
福山東店,860
大曽根北店,900
周南店,800
茂原店,850
神戸伊川谷店,850
牛久店,870
小金井関野町店,1000
御幸本町店,880
盛岡大通店,800
仙台八乙女店,830
高崎問屋町店,920
大和田店,850
二又瀬店,800
聖蹟桜ヶ丘店,980
広島紙屋町店,900
大宮奈良町店,900
琴似店,800
郡山芳賀店,800
錦３丁目店,1000
彦根店,850
岩出店,850
すすきの店,800
大国町店,900
入間東藤沢店,900
上野浅草口店,1100
山口店,850
山形深町店,800
仙台大和町店,830
金沢増泉店,830
高井戸店,1000
ひたちなか店,880
浅草国際通店,1000
三島店,900
中井店,980
所沢若狭店,850
山梨竜王店,880
長野若里店,880
大宮大成町店,900
太田飯塚町店,880
富山掛尾店,900
浜田山店,1000
花小金井駅前店,980
浦和所沢バイパス店,900
金沢工大前店,830
青物横丁店,1000
静岡御幸町店,920
長瀬店,830
佐野店,890
芝大門店,1000
北４４条店,800
後楽園店,1000
与野駅前店,950
宇都宮オリオン通店,880
江戸川橋店,1050
岡山十日市店,880
南郷通店,800
中洲店,800
大宮桜木町店,900
三郷店,880
上越藤野店,850
宇都宮簗瀬町店,880
川口並木店,950
広島胡町店,900
京成高砂店,900
南浦和店,900
豊洲ＩＨＩビル店,1050
南茨木店,880
長野柳原店,880
目白店,1000
難波千日前店,1000
春日部豊町店,870
長久手店,900
浦和田島通店,900
追浜店,950
稲田堤店,950
鶴川店,950
川口駅前店,950
松本高宮店,850
川越城下町店,900
山形駅前店,800
船橋北口店,950
西小山店,1000
仙台扇町店,830
和光市駅前店,1000
御影店,880
桜台店,950
赤羽西口店,950
金沢示野店,850
足立江北店,900
植田一本松店,900
石神井台店,980
松原団地店,880
西新宿３丁目店,1100
松戸七畝割店,900
前橋元総社町店,850
青柳町店,950
福井大和田店,860
新大久保店,1050
上新庄店,880
池袋トキワ通店,1050
吉川店,880
大阪野田店,900
戸田駅前店,900
用賀店,1100
庄内店,850
船堀店,1000
大倉山店,1000
飯田橋駅前店,1100
大森町店,1000
門真店,850
新宿３丁目店,1100
御殿場店,950
あざみ野店,1000
上飯田店,900
平和島店,1000
三鷹店,1050
成城学園前店,1030
武蔵境南口店,1000
青葉台店,950
小倉駅前店,800
麻生店,800
南越谷店,900
日暮里店,950
桜新町店,1100
落合店,1000
参宮橋店,1000
幡ヶ谷店,1100
瑞江店,950
坂戸店,900
浅草店,950
広島金座街店,900
大鳥居店,1000
札幌駅前通店,800
岡山ジョイポリス店,880
渋谷清水橋店,1100
平和台店,950
新小岩北口店,950
西中島店,900
大船駅前店,950
南森町駅前店,950
越谷下間久里店,880
大森北口店,1100
東陽町店,1050
尼崎潮江店,960
三国店,850
新潟万代シテイ店,850
天満橋店,950
仙川店,1000
三宮東店,950
高槻市駅前店,900
末広街道店,950
亀有南口店,900
大井競馬場店,1000
枚方店,850
南林間店,900
日本橋店,940
川西能勢口店,850
茗荷谷店,1000
さがみ野店,900
南青山店,1000
分倍河原店,950
仙台クリスロード店,830
東伏見店,980
垂水店,850
西葛西店,1000
姫路飾磨店,820
南大沢店,1000
馬橋店,900
南巽店,830
北千住店,950
調布駅前店,1100
下石神井店,1000
幕張本郷１丁目店,950
代々木南店,1100
六甲道店,880
北習志野店,950
東池袋店,1050
六地蔵店,850
鈴鹿店,900
京成小岩店,900
渋谷道玄坂上店,1100
北２４条店,800
十三東口店,900
春木店,850
南千住店,950
椎名町店,900
尼崎アマドゥ店,960
武蔵小金井店,1000
狭山市駅前店,900
今津店,900
京橋南店,900
池上店,1000
八尾店,850
阪神西宮店,900
梅ケ丘店,1000
鷹の台店,900
浦和店,900
鶴ヶ峰店,1000
豊中上津島店,850
赤羽東口店,950
大名1丁目店,800
守口市駅前店,880
玉川学園前店,900
豊島園店,900
西大井店,1000
富田店,880
草加西口店,900
田無駅前店,980
旭店,830
東久留米南町店,980
西町店,800
平間店,1000
愛知学院前店,900
北赤羽店,950
大久保２丁目店,1050
川崎大師店,950
武蔵新田店,1000
小田急永山店,950
戸塚店,950
市ヶ谷店,1100
北越谷店,880
姫路リオス店,820
渋谷並木橋店,1100
六本木４丁目店,1100
茨木ラウンドワン店,880
曽根店,850
寝屋川店,850
市原白金通店,900
吉塚店,800
西巣鴨店,1000
東住吉中野店,860
東戸塚西口店,950
南砂町店,1000
八千代台東口店,950
妙典店,1000
播磨町店,820
東大和市駅前店,900
堀切菖蒲園店,900
板橋店,1000
渋谷桜丘店,1100
玉出店,850
新大宮店,850
江坂店,920
淀屋橋店,950
大和高田店,850
姪浜店,800
住道店,850
小岩店,950
肥後橋店,940
吹上店,880
武蔵浦和店,900
新座馬場店,900
板宿店,850
郡山駅前店,800
三田駅前町店,880
中山店,950
深大寺3丁目店,1000
鷺沼店,1000
箕面店,850
本所吾妻橋店,1000
渋谷宮益坂上店,1100
大野城店,780
東新宿店,1100
前橋三河町店,850
高針店,900
北本店,880
塩尻店,850
小松川店,1000
大宮南中丸店,850
新大阪東口店,920
川島店,900
中島新町店,900
日野神明店,950
牛田店,900
久留米通町店,780
里塚店,800
岸里店,850
鳥飼店,880
佐原店,900
東大阪川田店,850
北野店,950
上溝店,950
諏訪店,900
浜寺店,830
梅屋敷店,1000
都立家政店,980
九品仏店,1000
所沢上安松店,880
巣鴨店,1040
荻窪西口店,1050
亀有店,900
穴生店,800
三木店,850
豊明店,900
桶川店,880
蟹江店,900
八千代台西口店,950
買物公園通り店,800
大宮深作店,850
甲府荒川店,880
萱島店,850
京成立石店,960
森孝店,900
小田急相模原西口店,950
長居店,860
廿日市店,860
下関稗田店,800
手稲前田店,800
瓢箪山駅前店,830
富山婦中店,900
千里丘店,880
朝霞東口店,900
川崎京町店,950
和歌山向店,850
青梅河辺町店,900
新潟女池店,850
四谷２丁目店,1000
勝どき店,1000
甲府国母店,880
岡本店,880
佐久店,850
麻溝台店,900
江南店,880
盛岡アイーナ店,800
福山花園店,860
日野三沢店,950
放出店,900
静岡七ツ新屋店,920
広島千田店,900
韮崎店,880
西川口西口店,950
葛西長島陸橋店,1000
深谷市役所前店,880
大泉学園町店,900
篠原橋通り店,900
金沢昌永町店,830
長野鶴賀七瀬店,880
宇部店,800
長岡堺東町店,900
神栖店,850
立会川店,1000
仙台五橋店,830
国分寺西元町店,1000
海南店,850
川口栄町店,950
神田南口店,1000
西蒲田店,1000
赤坂６丁目店,1000
向原店,1000
高崎下之城店,920
山梨昭和店,880
上尾東口店,900
ビビット南船橋店,950
寒川倉見店,900
小田原酒匂店,900
溝の口南口店,1000
深江橋店,900
富山下赤江店,900
八尾本町店,830
大東御供田店,850
狭山根岸店,900
大牟田店,750
奈良三条大路店,850
岡崎南店,900
綾瀬小園店,900
麻布台１丁目店,1100
仙台広瀬通本町店,830
篠崎店,950
上田秋和店,850
厚木戸田店,900
池上３丁目店,1000
氏家店,880
富士吉田店,880
桂店,850
中の島店,800
松戸松飛台店,890
八街店,850
亀岡店,850
春日井南下原町店,920
浜松高竜店,950
郡山コスモス通り店,800
東松山上野本店,900
北方町店,850
徳島常三島店,850
仙台中野栄店,830
岐阜則武店,850
浦安駅前店,1000
座間立野台店,900
行徳南店,1000
新在家店,880
松山大街道店,800
布田店,1000
相模原中央店,950
かすみがうら店,860
津南店,900
朝霞膝折店,900
東広島西条店,850
旭川永山店,800
立命館大前店,950
田無南口店,980
東御店,850
つくば東大通店,900
梅田神山町店,1000
たつの店,850
福生志茂店,900
西日暮里店,1000
恵比寿西店,1100
春日店,1000
桜川店,940
東池袋グリーン大通店,1000
丸亀柞原店,850
松山枝松店,800
瀬戸店,900
喜多見店,1000
鈴鹿中央通店,900
東寺店,850
箕輪町店,900
富士宮店,900
大和渋谷店,900
蓮根店,950
希望ヶ丘店,950
御崎店,850
平塚北金目店,950
上山店,800
笠寺店,900
飯能双柳店,880
押上店,1000
新潟豊栄店,870
堀田店,900
宝塚安倉店,900
井土ヶ谷店,950
所沢北原店,900
高松木太店,850
松山石井店,800
茅ヶ崎赤松町店,900
松山萱町店,800
清瀬野塩店,900
相模大野店,950
加古川平岡町店,850
矢向店,1000
森ノ宮店,940
加古川野口町店,850
四条大宮駅前店,950
上福岡店,900
港南台店,950
