あざみ野店,1000
あびこ店,860
お花茶屋店,900
かすみがうら店,860
さがみ野店,900
すすきの店,800
たつの店,850
つくば西大通り店,900
つくば大角豆店,900
つくば東大通店,900
ときわ台店,950
ひたちなか店,880
ひばりが丘店,900
ふじみ野駅前店,900
ふじみ野店,900
みずほ台店,900
エイトタウン本宮店,800
ビビット南船橋店,950
阿佐ヶ谷店,1050
阿倍野店,900
愛知学院前店,900
旭川永山店,800
旭店,830
綾瀬小園店,900
綾瀬店,900
安城錦町店,900
伊勢原店,900
伊勢佐木町店,1050
伊勢崎宮子町店,850
伊丹店,900
井土ヶ谷店,950
一宮店,850
稲城矢野口店,980
稲田堤店,950
稲毛店,950
茨木ラウンドワン店,880
宇都宮オリオン通店,880
宇都宮簗瀬町店,880
宇部店,800
羽村店,900
浦安駅前店,1000
浦安店,1000
浦安富士見店,1000
浦和所沢バイパス店,900
浦和太田窪店,900
浦和町谷店,900
浦和店,900
浦和田島通店,900
越谷駅前店,880
越谷下間久里店,880
越谷蒲生店,880
塩尻店,850
押上店,1000
横須賀中央駅前店,950
横須賀中央店,950
横浜西口店,1100
横浜店,1100
横浜南幸店,1100
王子１丁目店,950
王子店,950
鴬谷店,1000
岡崎南店,900
岡崎北店,900
岡山ジョイポリス店,880
岡山駅西口店,880
岡山駅前店,880
岡山十日市店,880
岡山商科大前店,850
岡本店,880
荻窪西口店,1050
荻窪北口店,1050
桶川店,880
下関稗田店,800
下高井戸店,1000
下石神井店,1000
下赤塚店,950
下総中山店,960
下板橋店,950
下北沢店,1200
加古川平岡町店,850
加古川野口町店,850
河原町店,1000
花園町店,850
花小金井駅前店,980
我孫子若松店,900
海南店,850
海老名店,900
蟹江店,900
学芸大学店,1100
笠寺店,900
葛西長島陸橋店,1000
蒲田店,1000
蒲田東口店,1000
鎌ヶ谷店,850
鴨居店,950
鴨江店,950
茅ヶ崎赤松町店,900
茅ヶ崎店,950
萱島店,850
刈谷日高店,950
寒川倉見店,900
関西空港店,900
関大前店,850
関内仲通り店,1050
館林店,880
丸亀柞原店,850
岸里店,850
岸和田店,850
岩出店,850
岩塚店,900
喜多見店,1000
喜連瓜破店,860
岐阜茜部店,850
岐阜鏡島店,850
岐阜則武店,850
希望ヶ丘店,950
旗の台店,1000
紀ノ川大橋店,850
紀尾井町店,1000
亀岡店,850
亀戸店,950
亀戸南店,950
亀田インター店,850
亀島店,900
亀有店,900
亀有南口店,900
菊名店,1000
吉祥院店,950
吉祥寺サンロード店,1100
吉祥寺南口店,1100
吉川店,880
吉塚店,800
久我山店,1000
久米川店,900
久里浜店,950
久留米通町店,780
牛久店,870
牛田店,900
京王つつじヶ丘店,1000
京王八王子店,980
京橋南店,900
京阪京橋店,900
京成高砂店,900
京成小岩店,900
京成大久保店,950
京成立石店,960
京都久御山店,950
京都三条店,1000
京都西院店,950
橋本店,950
狭山根岸店,900
狭山市駅前店,900
狭山店,900
玉出店,850
玉川学園前店,900
錦３丁目店,1000
錦糸町店,1000
錦糸町南店,1000
錦糸町北口店,1000
琴似店,800
近大前店,830
金山店,1000
金沢工大前店,830
金沢示野店,850
金沢昌永町店,830
金沢増泉店,830
金町店,900
九条店,900
九品仏店,1000
駒込店,1000
駒沢店,1100
熊谷バイパス店,900
熊谷店,900
桑名店,900
郡山コスモス通り店,800
郡山駅前店,800
郡山芳賀店,800
恵比寿西店,1100
恵比寿店,1100
桂店,850
経堂店,1000
穴生店,800
穴川オーツーパーク店,950
元住吉店,1000
元町東口店,950
古淵店,940
戸越銀座店,1000
戸越公園店,1000
戸塚店,950
戸田駅前店,900
五井店,900
五個荘店,850
五反野店,900
後楽園店,1000
御影店,880
御幸本町店,880
御崎店,850
御殿場店,950
厚木戸田店,900
厚木店,950
向ヶ丘遊園店,900
向原店,1000
広小路本町店,1000
広島金座街店,900
広島胡町店,900
広島紙屋町店,900
広島千田店,900
広島矢野店,860
江古田店,900
江戸川橋店,1050
江戸川店,950
江坂店,920
江南店,880
港南台店,950
溝の口店,1000
溝の口南口店,1000
甲府荒川店,880
甲府国母店,880
甲府飯田店,880
綱島店,1000
行徳店,1000
行徳南店,1000
香里園店,850
高井戸店,1000
高円寺店,1100
高坂店,900
高崎駅前店,920
高崎下之城店,920
高崎江木町店,920
高崎問屋町店,920
高松木太店,850
高針店,900
高津店,1000
高槻市駅前店,900
高槻南口店,900
高田馬場１丁目店,1050
高田馬場２丁目店,1050
高田馬場４丁目店,1050
高田馬場店,1050
高島平店,1000
国分寺西元町店,1000
国分寺南口店,1000
国立店,1000
国領店,1000
狛江店,980
今出川店,950
今池店,1000
今津店,900
今里店,900
佐久店,850
佐原店,900
佐野店,890
座間立野台店,900
坂戸店,900
阪急園田店,900
阪神西宮店,900
堺東店,850
鷺宮店,1000
鷺沼店,1000
桜橋店,1000
桜上水店,1000
桜新町店,1100
桜川店,940
桜台店,950
桜美林学園店,950
桜木町店,1050
笹塚２丁目店,1000
札幌駅前通店,800
三ノ輪店,950
三河安城店,900
三宮東店,950
三郷店,880
三軒茶屋店,1100
三国店,850
三宿店,1100
三鷹店,1050
三鷹南口店,1050
三鷹北口店,1050
三田駅前町店,880
三田店,1000
三島店,900
三木店,850
参宮橋店,1000
山形駅前店,800
山形深町店,800
山口店,850
山梨昭和店,880
山梨竜王店,880
四ツ橋店,940
四条大宮駅前店,950
四谷２丁目店,1000
四谷三丁目店,1000
四日市日永店,900
四日市富田店,900
四日市堀木店,900
市ヶ谷店,1100
市原白金通店,900
市川店,960
志村坂上店,1000
志木店,900
志木東口店,900
氏家店,880
自由ヶ丘店,1100
鹿島田店,1000
篠原橋通り店,900
篠崎店,950
芝大門店,1000
取手店,870
守口市駅前店,880
手稲前田店,800
酒々井ＰＡ店,900
周南店,800
秋津店,900
秋葉原中央通り店,1100
秋葉原店,1100
住道店,850
住之江公園店,850
十三店,900
十三東口店,900
渋谷センター街店,1100
渋谷宮益坂上店,1100
渋谷宮益坂店,1100
渋谷桜丘店,1100
渋谷清水橋店,1100
渋谷道玄坂上店,1100
渋谷並木橋店,1100
春日井店,920
春日井南下原町店,920
春日店,1000
春日部店,850
春日部豊町店,870
春木店,850
初石店,890
初台店,1100
所沢若狭店,850
所沢上安松店,880
所沢店,920
所沢北原店,900
曙橋店,1100
勝どき店,1000
小岩店,950
小岩南口店,950
小金井関野町店,1000
小雑賀店,850
小山店,850
小松川店,1000
小倉駅前店,800
小倉片野店,800
小滝橋通り店,1100
小田急永山店,950
小田急相模原西口店,950
小田急相模原店,950
小田原酒匂店,900
小田原店,900
小平小川店,900
小平店,900
小牧店,900
庄内店,850
昭島松原町店,900
松原団地店,880
松戸七畝割店,900
松戸松飛台店,890
松戸店,900
松山萱町店,800
松山枝松店,800
松山石井店,800
松山大街道店,800
松本駅前店,850
松本高宮店,850
沼袋店,1000
沼津店,900
沼津南店,900
湘南台店,950
上越藤野店,850
上溝店,950
上山店,800
上新庄店,880
上石神井店,980
上前津店,900
上大岡店,1050
上鶴間店,950
上田秋和店,850
上板橋店,950
上飯田店,900
上尾東口店,900
上尾緑丘店,900
上福岡店,900
上野浅草口店,1100
上野店,1100
城清水店,800
植田一本松店,900
寝屋川店,850
心斎橋店,1000
新栄店,950
新潟駅前店,850
新潟女池店,850
新潟米山店,850
新潟豊栄店,870
新潟万代シテイ店,850
新橋３丁目店,1100
新検見川店,950
新高円寺店,1000
新座馬場店,900
新在家店,880
新宿1丁目店,1100
新宿３丁目店,1100
新宿歌舞伎町店,1100
新宿西口店,1100
新宿大ガード店,1100
新宿南口店,1100
新宿二丁目店,1100
新宿靖国通り店,1100
新所沢東口店,850
新小岩店,950
新小岩北口店,950
新松戸西口店,900
新杉田店,950
新大久保店,1050
新大宮店,850
新大阪東口店,920
新大塚店,1000
新中野店,1000
新木場店,1050
森ノ宮店,940
森下店,950
森孝店,900
深江橋店,900
深川不動前店,1000
深大寺3丁目店,1000
深大寺店,1050
深谷市役所前店,880
神楽坂店,1050
神戸伊川谷店,850
神戸玉津店,850
神戸元町店,950
神戸新開地店,850
神栖店,850
神田小川町店,1000
神田須田町店,1000
神田西口店,1000
神田南口店,1000
神保町店,1000
神立店,950
秦野店,900
針中野店,860
人形町店,1000
諏訪店,900
逗子店,950
吹上店,880
垂水店,850
水戸バイパス店,870
水戸駅前店,870
水戸東原店,870
水道橋店,1000
瑞江店,950
瀬戸店,900
成城学園前店,1030
成増店,950
成田店,900
清水南店,920
清瀬店,900
清瀬野塩店,900
生田店,950
盛岡アイーナ店,800
盛岡駅前通店,800
盛岡大通店,800
聖蹟桜ヶ丘店,980
西ノ宮店,900
西荻窪店,1050
西葛西店,1000
西蒲田店,1000
西五反田店,1000
西所沢店,850
西小山店,1000
西新井店,900
西新宿３丁目店,1100
西新宿８丁目店,1100
西新宿店,1100
西新店,800
西千葉店,950
西川口西口店,950
西川口店,950
西船橋店,900
西船橋南店,900
西巣鴨店,1000
西大井店,1000
西中島店,900
西町店,800
西日暮里店,1000
西八王子店,950
青砥店,960
青梅河辺町店,900
青梅新町店,920
青物横丁店,1000
青柳町店,950
青葉台店,950
静岡御幸町店,920
静岡七ツ新屋店,920
静岡池田店,920
静岡八幡店,920
石橋駅前店,850
石神井公園店,950
石神井台店,980
石和店,880
赤羽西口店,950
赤羽店,950
赤羽東口店,950
赤坂６丁目店,1000
赤坂見附店,1000
赤坂店,1000
仙川店,1000
仙台クリスロード店,830
仙台五橋店,830
仙台広瀬通本町店,830
仙台鹿島店,830
仙台扇町店,830
仙台大和町店,830
仙台中央店,830
仙台中野栄店,830
仙台定禅寺通り店,1100
仙台南町通り店,830
仙台八乙女店,830
千歳烏山店,1100
千歳船橋店,1200
千川店,950
千駄木店,1000
千日前店,1000
千葉我孫子店,900
千葉幸町店,950
千葉店,950
千里丘店,880
千林大宮店,900
川越インター店,900
川越城下町店,900
川越西口店,950
川口栄町店,950
川口駅前店,950
川口上青木店,950
川口並木店,950
川崎京町店,950
川崎銀座街店,1000
川崎西口店,1000
川崎大師店,950
川崎店,1000
川崎枡形店,950
川西能勢口店,850
川島店,900
浅草橋店,1000
浅草吾妻橋店,1000
浅草国際通店,1000
浅草店,950
船橋南口店,1000
船橋北口店,950
船堀店,1000
前橋元総社町店,850
前橋三河町店,850
前橋上小出町店,850
曽根店,850
祖師谷大蔵３丁目店,980
蘇我店,950
早稲田店,1100
巣鴨店,1040
相模原中央店,950
相模原店,950
相模大野店,950
草加清門町店,880
草加西口店,900
草加店,880
草津店,850
足立江北店,900
足立保塚店,900
袖ヶ浦店,900
多治見店,900
多摩ニュータウン店,950
多摩愛宕店,950
太田飯塚町店,880
代々木上原店,1000
代々木店,1100
代々木南店,1100
代々木八幡店,1000
大井競馬場店,1000
大井町店,1100
大岡山店,1000
大垣店,800
大久保２丁目店,1050
大久保店,1050
大宮吉野町店,900
大宮桜木町店,900
大宮深作店,850
大宮大成町店,900
大宮仲町店,950
大宮東口店,1000
大宮奈良町店,900
大宮南中丸店,850
大国町店,900
大阪茨木店,880
大阪本町店,940
大阪野田店,900
大山店,950
大森町店,1000
大森店,1100
大森北口店,1100
大泉学園町店,900
大泉学園店,950
大泉学園南口店,950
大船駅前店,950
大船店,950
大曽根北店,900
大倉山店,1000
大鳥居店,1000
大津通錦店,1000
大津店,850
大塚店,1040
大島店,950
大東御供田店,850
大牟田店,750
大名1丁目店,800
大野城店,780
大和高田店,850
大和渋谷店,900
大和店,900
大和田店,850
鷹の台店,900
谷町九丁目店,900
池上３丁目店,1000
池上店,1000
池尻大橋店,1100
池袋アゼリア通り店,1000
池袋サンシャイン通り店,1050
池袋トキワ通店,1050
池袋西口店,1050
池袋東口駅前店,1050
池袋東通り店,1000
中の島店,800
中井店,980
中延店,1000
中山店,950
中洲店,800
中村橋店,900
中島新町店,900
中板橋店,950
中目黒店,1100
中野坂上店,1000
中野新橋店,1000
中野通り店,1000
中野南口店,1000
中野富士見町店,1000
仲御徒町店,950
朝霞台店,900
朝霞店,900
朝霞東口店,900
朝霞膝折店,900
町屋店,950
町田中町店,950
町田店,950
町田東口店,950
調布駅前店,1100
長岡堺東町店,900
長久手店,900
長居店,860
長後店,900
長瀬店,830
長野若里店,880
長野鶴賀七瀬店,880
長野柳原店,880
長良町店,900
鳥飼店,880
津田沼店,950
津田沼南口店,950
津南店,900
椎名町店,900
追浜店,950
通天閣店,900
鶴ヶ島店,900
鶴ヶ峰店,1000
鶴間店,900
鶴橋店,900
鶴見店,1000
鶴見東口店,1000
鶴瀬店,900
鶴川店,950
帝京大学前店,950
天王町店,950
天神橋六丁目店,950
天神店,800
天満橋店,950
天理PA店,850
田無駅前店,980
田無南口店,980
都筑インター店,1000
都立家政店,980
都立大学店,1100
土浦真鍋店,860
東久留米下里店,900
東久留米店,900
東久留米南町店,980
東戸塚西口店,950
東戸塚店,950
東五反田店,1000
東御店,850
東広島西条店,850
東高円寺店,1000
東寺店,850
東住吉中野店,860
東住吉湯里店,860
東十条店,950
東小金井店,1000
東松山上野本店,900
東松山店,900
東新宿店,1100
東神奈川店,1000
東千葉店,950
東船橋店,950
東村山店,900
東大井町店,1100
東大宮駅前店,900
東大宮店,900
東大阪川田店,850
東大和市駅前店,900
東大和清水店,900
東池袋グリーン大通店,1000
東池袋店,1050
東中野店,1000
東長崎店,900
東比恵店,800
東武霞ヶ関店,900
東武練馬店,950
東伏見店,980
東陽町店,1050
東淀川菅原店,900
藤沢石川店,950
藤沢南口店,950
藤沢北口店,950
徳島常三島店,850
奈良駅前店,850
奈良三条大路店,850
南茨木店,880
南浦和店,900
南越谷店,900
南海難波店,1000
南郷通店,800
南行徳店,1000
南砂町店,1000
南森町駅前店,950
南青山店,1000
南千住店,950
南大沢店,1000
南巽店,830
南池袋店,1050
南津守店,850
南柏店,890
南方店,900
南林間店,900
難波千日前店,1000
二俣川店,1000
二又瀬店,800
尼崎アマドゥ店,960
尼崎潮江店,960
尼崎店,960
廿日市店,860
日吉店,1000
日暮里店,950
日本橋店,940
日野三沢店,950
日野神明店,950
日野店,950
日立桜川町店,880
入間店,900
入間東藤沢店,900
入谷店,950
韮崎店,880
納屋橋店,900
播磨町店,820
馬橋店,900
馬喰町店,1000
梅ヶ丘店,1000
梅屋敷店,1000
梅田角田町店,1000
梅田神山町店,1000
梅田店,1000
買物公園通り店,800
博多駅前店,800
柏崎店,850
柏中央町店,900
柏東口店,900
白河店,820
白楽店,1000
白山店,1040
幡ヶ谷店,1100
八王子店,980
八街店,850
八重洲店,1000
八千代台西口店,950
八千代台東口店,950
八幡黒崎店,800
八幡山店,1000
八尾店,850
八尾本町店,830
半田店,900
反町店,1000
板橋区役所前店,1000
板橋桜川店,950
板橋店,1000
板橋本町店,1000
板宿店,850
飯田橋駅前店,1100
飯能双柳店,880
肥後橋店,940
尾山台店,1000
尾張旭店,900
彦根店,850
姫路リオス店,820
姫路飾磨店,820
姫路店,820
姫路南店,820
百万遍店,950
氷川台店,950
瓢箪山駅前店,830
浜寺店,830
浜松高竜店,950
浜田山店,1000
不動前店,1000
富山下赤江店,900
富山掛尾店,900
富山田中町店,900
富山婦中店,900
富士ラウンドワン店,900
富士吉田店,880
富士宮店,900
富士見台店,950
富田店,880
布施店,850
布施南店,850
布田店,1000
浮間舟渡店,950
武庫川店,960
武蔵浦和店,900
武蔵関店,1000
武蔵境店,1000
武蔵境南口店,1000
武蔵小金井店,1000
武蔵小金井北口店,1000
武蔵小山店,1000
武蔵新城店,1000
武蔵新田店,1000
武蔵村山店,920
福井御幸店,860
福井大和田店,860
福山花園店,860
福山東店,860
福生志茂店,900
福生店,900
淵野辺店,950
淵野辺北口店,950
分倍河原店,950
平井店,950
平間店,1000
平針駅前店,900
平塚店,950
平塚北金目店,950
平和台店,950
平和島店,1000
保谷店,900
保土ヶ谷店,950
宝塚旭町店,900
宝塚安倉店,900
放出店,900
方南町店,1000
豊橋つつじが丘店,850
豊橋藤沢町店,850
豊山店,900
豊洲ＩＨＩビル店,1050
豊中上津島店,850
豊田山之手店,950
豊田十塚店,950
豊田店,950
豊田東新町店,950
豊島園店,900
豊明店,900
北２４条店,800
北４４条店,800
北綾瀬店,900
北浦和店,950
北浦和東口店,950
北越谷店,880
北習志野店,950
北小金店,900
北松戸店,890
北赤羽店,950
北千住店,950
北方町店,850
北本店,880
北野店,950
堀切菖蒲園店,900
堀川丸太町店,950
堀田店,900
本郷三丁目店,1000
本厚木店,1000
本所吾妻橋店,1000
本川越店,950
本内店,800
本八幡店,960
本八幡南口店,960
本蓮沼店,950
麻溝台店,900
麻生店,800
麻布台１丁目店,1100
枚方店,850
幕張本郷１丁目店,950
末広街道店,950
箕面店,850
箕輪町店,900
妙典店,1000
名駅西店,900
名古屋競馬場前店,900
明大前店,1000
姪浜店,800
茂原店,850
木更津店,900
目黒東口店,1100
目白店,1000
門真店,850
門前仲町店,1000
野火止店,900
野並店,850
野方店,1000
矢向店,1000
祐天寺店,1100
与野駅前店,950
与野店,900
用賀店,1100
踊場店,950
淀屋橋店,950
落合店,1000
里塚店,800
立会川店,1000
立川錦町店,1000
立川柴崎町店,900
立川曙橋店,1000
立川店,1000
立川北口店,1000
立命館大前店,950
両国店,1000
鈴鹿中央通店,900
鈴鹿店,900
練馬店,950
蓮根店,950
蓮田関山店,900
蓮田店,900
六甲道店,880
六地蔵店,850
六本木４丁目店,1100
和歌山向店,850
和光市駅前店,1000
和光白子店,1000
和泉店,830
蕨店,950
蕨北町店,900
糀谷店,1000
茗荷谷店,1000
