あざみ野店,松屋　あざみ野店,神奈川県横浜市青葉区あざみ野1-11-1あざみ野センタービル1F
あびこ店,松屋　あびこ店,大阪府大阪市住吉区苅田5-19-17メトロアビコ1F
お花茶屋店,松屋　お花茶屋店,東京都葛飾区お花茶屋1-19-16飯田ビル
かすみがうら店,松屋　Ｒかすみがうら店,茨城県かすみがうら市上稲吉1943-32
さがみ野店,松屋　さがみ野店,神奈川県海老名市東柏ヶ谷2-30-24
すすきの店,松屋　すすきの店,北海道札幌市中央区南4条西3丁目第3グリーンビル
たつの店,松屋　Ｒたつの店,兵庫県たつの市龍野町堂本369-3
つくば西大通り店,松屋　Ｒつくば西大通り店,茨城県つくば市春日4-1-5
つくば大角豆店,松屋　Ｒつくば大角豆店,茨城県つくば市大角豆2012-930番地
つくば東大通店,松屋　Ｒつくば東大通店,茨城県つくば市妻木1768-1
ときわ台店,松屋　ときわ台店,東京都板橋区常盤台1-2-5町田ビル1F
ひたちなか店,松屋　Ｒひたちなか店,茨城県ひたちなか市市毛字原坪894-36
ひばりが丘店,松屋　ひばりが丘店,東京都西東京市ひばりが丘北3-3-14
ふじみ野駅前店,松屋　ふじみ野駅前店,埼玉県富士見市ふじみ野西1-20-2第7松本ビル1F
ふじみ野店,松屋　Ｒふじみ野店,埼玉県ふじみ野市ふじみ野1-9-21
みずほ台店,松屋　みずほ台店,埼玉県富士見市西みずほ台1-20-8
エイトタウン本宮店,松屋　Ｒエイトタウン本宮店,福島県本宮市荒井字久保田132-8-5
ビビット南船橋店,松屋　ビビット南船橋店,千葉県船橋市浜町2丁目2-7ビビット南船橋
阿佐ヶ谷店,松屋　阿佐ヶ谷店,東京都杉並区阿佐ヶ谷北2-1-10
阿倍野店,松屋　阿倍野店,大阪府大阪市阿倍野区阿倍野筋2-4-49
愛知学院前店,松屋　Ｒ愛知学院前店,愛知県日進市竹の山1-907
旭川永山店,松屋　Ｒ旭川永山店,北海道旭川市永山十条4丁目6-7
旭店,松屋　Ｒ旭店,千葉県旭市ニ1131-1
綾瀬小園店,松屋　Ｒ綾瀬小園店,神奈川県綾瀬市小園923-2
綾瀬店,松屋　綾瀬店,東京都足立区綾瀬3-2-8シティプレイス綾瀬１Ｆ
安城錦町店,松屋　Ｒ安城錦町店,愛知県安城市錦町8-5
伊勢原店,松屋　伊勢原店,神奈川県伊勢原市桜台1-2-30三協ビル
伊勢佐木町店,松屋　伊勢佐木町店,神奈川県横浜市中区伊勢佐木町2-76-3
伊勢崎宮子町店,松屋　Ｒ伊勢崎宮子町店,群馬県伊勢崎市宮子町3426-1
伊丹店,松屋　Ｒ伊丹店,兵庫県伊丹市南町3-1-3
井土ヶ谷店,松屋　井土ヶ谷店,神奈川県横浜市南区井土ｹ谷中町161
一宮店,松屋　Ｒ一宮店,愛知県一宮市赤見1-2-12
稲城矢野口店,松屋　Ｒ稲城矢野口店,東京都稲城市矢野口517-2
稲田堤店,松屋　稲田堤店,神奈川県川崎市多摩区菅2-1-1
稲毛店,松屋　稲毛店,千葉県千葉市稲毛区小仲台2-5-15第8若菜ビル1.2F
茨木ラウンドワン店,松屋　Ｒ茨木ラウンドワン店,大阪府茨木市南清水町3-5ラウンドワン茨木内
宇都宮オリオン通店,松屋　宇都宮オリオン通店,栃木県宇都宮市曲師町5-8多喜屋ビル
宇都宮簗瀬町店,松屋　Ｒ宇都宮簗瀬町店,栃木県宇都宮市簗瀬町1984-6
宇部店,松屋　Ｒ宇部店,山口県宇部市島1-1-2
羽村店,松屋　羽村店,東京都羽村市五ﾉ神4-15-11シティープラザはむら1Ｆ
浦安駅前店,松屋　浦安駅前店,千葉県浦安市当代島1-1-22
浦安店,松屋　浦安店,千葉県浦安市北栄1-15-5RECS浦安駅前
浦安富士見店,松屋　Ｒ浦安富士見店,千葉県浦安市富士見3-16-9
浦和所沢バイパス店,松屋　Ｒ浦和所沢バイパス店,埼玉県富士見市水谷東1-1-2
浦和太田窪店,松屋　Ｒ浦和太田窪店,埼玉県さいたま市南区大字太田窪2840-2
浦和町谷店,松屋　Ｒ浦和町谷店,埼玉県さいたま市桜区町谷2-1-1
浦和店,松屋　浦和店,埼玉県さいたま市浦和区高砂1-10-18
浦和田島通店,松屋　Ｒ浦和田島通店,埼玉県さいたま市南区四谷3-7-6
越谷駅前店,松屋　越谷駅前店,埼玉県越谷市弥生町3-24
越谷下間久里店,松屋　Ｒ越谷下間久里店,埼玉県越谷市下間久里980-1
越谷蒲生店,松屋　Ｒ越谷蒲生店,埼玉県越谷市蒲生南町15-4
塩尻店,松屋　Ｒ塩尻店,長野県塩尻市大門泉町13-8
押上店,松屋　押上店,東京都墨田区押上1丁目11-3押上滝ビル
横須賀中央駅前店,松屋　横須賀中央駅前店,神奈川県横須賀市若松町1-7-5
横須賀中央店,松屋　横須賀中央店,神奈川県横須賀市大滝町2-23三笠ビル
横浜西口店,松屋　横浜西口店,神奈川県横浜市西区北幸1-1-2INB横浜西口ビル１F
横浜店,松屋　横浜店,神奈川県横浜市西区南幸2丁目1-3相鉄ムービル
横浜南幸店,松屋　横浜南幸店,神奈川県横浜市西区南幸2-14-7横尾ビル1、2階
王子１丁目店,松屋　王子１丁目店,東京都北区王子1-6-11都築ビル102号
王子店,松屋　王子店,東京都北区王子1-13-16エイムビル1F
鴬谷店,松屋　鴬谷店,東京都台東区根岸1-6-6小宮山鴬谷ビル1F
岡崎南店,松屋　Ｒ岡崎南店,愛知県岡崎市柱曙3丁目10-7
岡崎北店,松屋　Ｒ岡崎北店,愛知県岡崎市鴨田町字広元196
岡山ジョイポリス店,松屋　岡山ジョイポリス店,岡山県岡山市北区下石井2-10-1岡山ジョイポリス1階・1-Ｂ区画
岡山駅西口店,松屋　岡山駅西口店,岡山県岡山市北区駅元町22-13西口駅前ビル
岡山駅前店,松屋　岡山駅前店,岡山県岡山市北区本町3-3
岡山十日市店,松屋　Ｒ岡山十日市店,岡山県岡山市北区十日市西町5-28
岡山商科大前店,松屋　Ｒ岡山商科大前店,岡山県岡山市北区津島西坂2-5-5
岡本店,松屋　岡本店,兵庫県神戸市東灘区岡本1-8-1
荻窪西口店,松屋　荻窪西口店,東京都杉並区上荻1-16-3
荻窪北口店,松屋　荻窪北口店,東京都杉並区上荻1-6-2
桶川店,松屋　Ｒ桶川店,埼玉県桶川市大字坂田1632-1
下関稗田店,松屋　Ｒ下関稗田店,山口県下関市稗田中町9-31
下高井戸店,松屋　下高井戸店,東京都世田谷区赤堤4-48-10雪華堂ビル1階
下石神井店,松屋　Ｒ下石神井店,東京都練馬区下石神井4-1-7ＭＳビル1F
下赤塚店,松屋　下赤塚店,東京都板橋区赤塚1-7-2
下総中山店,松屋　下総中山店,千葉県船橋市本中山2-15-10
下板橋店,松屋　下板橋店,東京都豊島区池袋本町3-25-13
下北沢店,松屋　下北沢店,東京都世田谷区北沢2-19-13松本ビル1F
加古川平岡町店,松屋　Ｒ加古川平岡町店,兵庫県加古川市平岡町一色370-1
加古川野口町店,松屋　R加古川野口町店,兵庫県加古川市野口町坂元坂之下36-1
河原町店,松屋　河原町店,京都府京都市中京区河原町通蛸薬師上る奈良屋町305番地
花園町店,松屋　花園町店,大阪府大阪市西成区鶴見橋1-3-5ビュアファースト花園1F
花小金井駅前店,松屋　花小金井駅前店,東京都小平市花小金井1-8-6大沢ビル(ビックアロービル)
我孫子若松店,松屋　Ｒ我孫子若松店,千葉県我孫子市若松140-1
海南店,松屋　Ｒ海南店,和歌山県海南市船尾213-17
海老名店,松屋　海老名店,神奈川県海老名市中央2-1-5パインビル1F
蟹江店,松屋　Ｒ蟹江店,愛知県海部郡蟹江町錦2-161メナー錦1階
学芸大学店,松屋　学芸大学店,東京都目黒区鷹番3-8-7
笠寺店,松屋　Ｒ笠寺店,愛知県名古屋市南区千竈通7丁目8-1
葛西長島陸橋店,松屋　葛西長島陸橋店,東京都江戸川区東葛西5丁目3-3桂ビル
蒲田店,松屋　蒲田店,東京都大田区西蒲田7-2-3第2醍醐ビル
蒲田東口店,松屋　蒲田東口店,東京都大田区蒲田5-25-2コーポ橋本1F
鎌ヶ谷店,松屋　Ｒ鎌ヶ谷店,千葉県鎌ケ谷市東初富4-2-83
鴨居店,松屋　鴨居店,神奈川県横浜市緑区鴨居1-8-10田畑ビル1Ｆ
鴨江店,松屋　Ｒ鴨江店,静岡県浜松市中区鴨江3-74-20
茅ヶ崎赤松町店,松屋　Ｒ茅ヶ崎赤松町店,神奈川県茅ヶ崎市赤松町1-5
茅ヶ崎店,松屋　茅ヶ崎店,神奈川県茅ヶ崎市新栄町8-8コジマビル1F
萱島店,松屋　萱島店,大阪府門真市上島町46-7
刈谷日高店,松屋　Ｒ刈谷日高店,愛知県刈谷市日高町4丁目611
寒川倉見店,松屋　Ｒ寒川倉見店,神奈川県高座郡寒川町倉見849-3
関西空港店,松屋　関西空港店,大阪府泉佐野市泉州空港北1番地エアロプラザ3F
関大前店,松屋　関大前店,大阪府吹田市千里山東1-14-5吉本マンション１Ｆ
関内仲通り店,松屋　関内仲通り店,神奈川県横浜市中区常盤町2-10常盤不動産ビル1F
館林店,松屋　Ｒ館林店,群馬県館林市松原3丁目16番5
丸亀柞原店,松屋　Ｒ丸亀柞原店,香川県丸亀市柞原町409-1
岸里店,松屋　岸里店,大阪府大阪市西成区潮路1-10-1林岸里駅前ビル
岸和田店,松屋　Ｒ岸和田店,大阪府岸和田市土生町2-7-17
岩出店,松屋　Ｒ岩出店,和歌山県岩出市岡田4-1
岩塚店,松屋　Ｒ岩塚店,愛知県名古屋市中村区畑江通9-45
喜多見店,松屋　喜多見店,東京都世田谷区喜多見9丁目1-7栄屋ビル
喜連瓜破店,松屋　喜連瓜破店,大阪府大阪市平野区喜連2-5-47村瀬ビル1F
岐阜茜部店,松屋　Ｒ岐阜茜部店,岐阜県岐阜市茜部本郷3-159-3
岐阜鏡島店,松屋　Ｒ岐阜鏡島店,岐阜県岐阜市鏡島2009-1
岐阜則武店,松屋　Ｒ岐阜則武店,岐阜県岐阜市則武西2丁目19-16
希望ヶ丘店,松屋　希望ヶ丘店,神奈川県横浜市旭区東希望が丘99-15
旗の台店,松屋　旗の台店,東京都品川区旗の台2-7-6
紀ノ川大橋店,松屋　Ｒ紀ノ川大橋店,和歌山県和歌山市湊1820-99
紀尾井町店,松屋　紀尾井町店,東京都千代田区麹町3-5-17晴花ビル
亀岡店,松屋　Ｒ亀岡店,京都府亀岡市下矢田町2-35-5
亀戸店,松屋　亀戸店,東京都江東区亀戸2-20-4
亀戸南店,松屋　亀戸南店,東京都江東区亀戸6-59-10サンシャレード亀戸1F
亀田インター店,松屋　Ｒ亀田インター店,新潟県新潟市中央区姥ｹ山63-1
亀島店,松屋　Ｒ亀島店,愛知県名古屋市中村区則武本通1-36マシュービル1F
亀有店,松屋　亀有店,東京都葛飾区亀有3-25-1
亀有南口店,松屋　亀有南口店,東京都葛飾区亀有3-30-12
菊名店,松屋　菊名店,神奈川県横浜市港北区菊名4-2-6
吉祥院店,松屋　Ｒ吉祥院店,京都府京都市南区吉祥院西ﾉ茶屋町63番
吉祥寺サンロード店,松屋　吉祥寺サンロード店,東京都武蔵野市吉祥寺本町1-15-4 1F･2F･3F
吉祥寺南口店,松屋　吉祥寺南口店,東京都武蔵野市吉祥寺南町1-5-5 1F
吉川店,松屋　吉川店,埼玉県吉川市木売1-4-11
吉塚店,松屋　吉塚店,福岡県福岡市博多区吉塚本町130-42フレスタよしづか
久我山店,松屋　久我山店,東京都杉並区久我山2-28-1矢崎ビル1･2F
久米川店,松屋　久米川店,東京都東村山市栄町1-5-2
久里浜店,松屋　久里浜店,神奈川県横須賀市久里浜4-6-18フジビル1F
久留米通町店,松屋　Ｒ久留米通町店,福岡県久留米市通町1-16
牛久店,松屋　Ｒ牛久店,茨城県牛久市田宮町41-1
牛田店,松屋　牛田店,東京都足立区千住曙町3-1
京王つつじヶ丘店,松屋　京王つつじヶ丘店,東京都調布市東つつじヶ丘1-2-5
京王八王子店,松屋　京王八王子店,東京都八王子市東町1-1-20第6岩下ビル1F
京橋南店,松屋　京橋南店,大阪府大阪市都島区片町2-4-8上室ビル
京阪京橋店,松屋　京阪京橋店,大阪府大阪市都島区東野田町2-4-14
京成高砂店,松屋　京成高砂店,東京都葛飾区高砂2-38-5
京成小岩店,松屋　京成小岩店,東京都江戸川区北小岩6-12-1白坂ビル
京成大久保店,松屋　京成大久保店,千葉県習志野市大久保1-21-12ニューTKビル1F
京成立石店,松屋　京成立石店,東京都葛飾区立石1-19-6あづまやビル
京都久御山店,松屋　Ｒ京都久御山店,京都府久世郡久御山町野村村東87-1
京都三条店,松屋　京都三条店,京都府京都市中京区三条通河原町東入中島町97
京都西院店,松屋　京都西院店,京都府京都市右京区西院高山寺町12-7
橋本店,松屋　橋本店,神奈川県相模原市緑区橋本6-2-1道栄ビル1F
狭山根岸店,松屋　Ｒ狭山根岸店,埼玉県狭山市根岸1-8-34
狭山市駅前店,松屋　狭山市駅前店,埼玉県狭山市入間川1-3-2スカイテラス1F
狭山店,松屋　Ｒ狭山店,埼玉県狭山市下奥富136-2
玉出店,松屋　玉出店,大阪府大阪市西成区玉出西2-4-8
玉川学園前店,松屋　玉川学園前店,東京都町田市玉川学園2-11-21第17通南ビル
錦３丁目店,松屋　錦３丁目店,愛知県名古屋市中区錦3-24-2鶴重ビル1F
錦糸町店,松屋　錦糸町店,東京都墨田区江東橋3-11-6野村ビル1F.B1F
錦糸町南店,松屋　錦糸町南店,東京都墨田区江東橋3-8-10井野ビル1F
錦糸町北口店,松屋　錦糸町北口店,東京都墨田区錦糸2-4-10Ｓ川上ビル
琴似店,松屋　琴似店,北海道札幌市西区琴似一条2-6-8
近大前店,松屋　近大前店,大阪府東大阪市小若江4-13-11 1F､2F
金山店,松屋　金山店,愛知県名古屋市中区金山4-1-1カーニープレイス名古屋金山B1F
金沢工大前店,松屋　Ｒ金沢工大前店,石川県石川郡野々市町扇が丘8-8
金沢示野店,松屋　Ｒ金沢示野店,石川県金沢市示野中町79街区1イオン金沢示野SC内
金沢昌永町店,松屋　Ｒ金沢昌永町店,石川県金沢市昌永町18-5
金沢増泉店,松屋　Ｒ金沢増泉店,石川県金沢市神田2-2-25
金町店,松屋　金町店,東京都葛飾区東金町1-45-2
九条店,松屋　九条店,大阪府大阪市西区九条1-14-26
九品仏店,松屋　九品仏店,東京都世田谷区奥沢6-25-8
駒込店,松屋　駒込店,東京都豊島区駒込1-38-3小宮山駒込ビル1.2F
駒沢店,松屋　駒沢店,東京都世田谷区駒沢1-5-15
熊谷バイパス店,松屋　Ｒ熊谷バイパス店,埼玉県熊谷市大字肥塚1408-3
熊谷店,松屋　熊谷店,埼玉県熊谷市筑波2-55大正堂駅前ビル1.2F
桑名店,松屋　Ｒ桑名店,三重県桑名市中央町3-64-1
郡山コスモス通り店,松屋　Ｒ郡山コスモス通り店,福島県郡山市堤3-180
郡山駅前店,松屋　郡山駅前店,福島県郡山市駅前2-3-9東京萬ビル
郡山芳賀店,松屋　Ｒ郡山芳賀店,福島県郡山市芳賀3-7-1
恵比寿西店,松屋　恵比寿西店,東京都渋谷区恵比寿西1丁目10-8
恵比寿店,松屋　恵比寿店,東京都渋谷区恵比寿1-13-9フォレストJビル1F
桂店,松屋　Ｒ桂店,京都府京都市西京区樫原盆山16-1
経堂店,松屋　経堂店,東京都世田谷区経堂1-12-11
穴生店,松屋　Ｒ穴生店,福岡県北九州市八幡西区穴生2-8-7
穴川オーツーパーク店,松屋　Ｒ穴川オーツーパーク店,千葉県千葉市稲毛区園生町380-1
元住吉店,松屋　元住吉店,神奈川県川崎市中原区木月3丁目6番18号モトスミコアビル1F
元町東口店,松屋　元町東口店,兵庫県神戸市中央区北長狭通4丁目1-12鯉川ビル
古淵店,松屋　古淵店,神奈川県相模原市南区古淵1-7-1
戸越銀座店,松屋　戸越銀座店,東京都品川区平塚1-8-2山こしビル1F
戸越公園店,松屋　戸越公園店,東京都品川区戸越5-18-7兼田ビル1・2F
戸塚店,松屋　戸塚店,神奈川県横浜市戸塚区戸塚町16-1616ビル
戸田駅前店,松屋　Ｒ戸田駅前店,埼玉県戸田市大字新曽字柳原329-1
五井店,松屋　五井店,千葉県市原市五井中央西1-14-22潤間五井ビル
五個荘店,松屋　Ｒ五個荘店,滋賀県東近江市五個荘簗瀬町上川原5-2
五反野店,松屋　五反野店,東京都足立区足立4-29-8重沢ビル1Ｆ
後楽園店,松屋　後楽園店,東京都文京区本郷1-20-5杉浦ビル
御影店,松屋　御影店,兵庫県神戸市東灘区御影中町1-6-6シティーホームズ御影
御幸本町店,松屋　Ｒ御幸本町店,栃木県宇都宮市御幸本町4732-7
御崎店,松屋　Ｒ御崎店,大阪府大阪市住之江区御崎7丁目15-21
御殿場店,松屋　Ｒ御殿場店,静岡県御殿場市川島田939-1
厚木戸田店,松屋　Ｒ厚木戸田店,神奈川県厚木市戸田540-1
厚木店,松屋　Ｒ厚木店,神奈川県厚木市田村町7-20
向ヶ丘遊園店,松屋　向ヶ丘遊園店,神奈川県川崎市多摩区登戸2737-4タカノビル1F・2F
向原店,松屋　向原店,東京都豊島区東池袋4丁目41-27
広小路本町店,松屋　広小路本町店,愛知県名古屋市中区栄2-4-7チサンマンション広小路1F
広島金座街店,松屋　広島金座街店,広島県広島市中区本通1-4サカタビルB1F
広島胡町店,松屋　広島胡町店,広島県広島市中区胡町1-20永井興産胡町ビル1階
広島紙屋町店,松屋　広島紙屋町店,広島県広島市中区大手町1-4-5アロハビル1階
広島千田店,松屋　Ｒ広島千田店,広島県広島市中区東千田町2丁目3-23
広島矢野店,松屋　Ｒ広島矢野店,広島県広島市安芸区矢野西1-2-5
江古田店,松屋　江古田店,東京都練馬区栄町34-1
江戸川橋店,松屋　江戸川橋店,東京都文京区関口1-47-12江戸川橋ビル1F
江戸川店,松屋　Ｒ江戸川店,東京都江戸川区江戸川6-8-49
江坂店,松屋　江坂店,大阪府吹田市豊津町15-4
江南店,松屋　Ｒ江南店,愛知県江南市高屋町西町112
港南台店,松屋　港南台店,神奈川県横浜市港南区港南台4-1-1
溝の口店,松屋　溝の口店,神奈川県川崎市高津区溝口1-18-7澤木ビル1F
溝の口南口店,松屋　溝の口南口店,神奈川県川崎市高津区久本1丁目4-10TKBビル
甲府荒川店,松屋　Ｒ甲府荒川店,山梨県甲府市荒川1-8-32
甲府国母店,松屋　Ｒ甲府国母店,山梨県甲府市大里町358-1
甲府飯田店,松屋　Ｒ甲府飯田店,山梨県甲府市下飯田3-8-28
綱島店,松屋　綱島店,神奈川県横浜市港北区綱島西1-1-3青柳ビル1F
行徳店,松屋　行徳店,千葉県市川市行徳駅前2-3ポニー内1F
行徳南店,松屋　行徳南店,千葉県市川市行徳駅前2丁目8-6
香里園店,松屋　香里園店,大阪府寝屋川市香里南之町30-14
高井戸店,松屋　高井戸店,東京都杉並区高井戸西1-29-3
高円寺店,松屋　高円寺店,東京都杉並区高円寺北3-22-16 1F
高坂店,松屋　高坂店,埼玉県東松山市元宿1-11-2松田ビル
高崎駅前店,松屋　高崎駅前店,群馬県高崎市八島町17-10
高崎下之城店,松屋　Ｒ高崎下之城店,群馬県高崎市下之城町177-4
高崎江木町店,松屋　Ｒ高崎江木町店,群馬県高崎市江木町601-1
高崎問屋町店,松屋　Ｒ高崎問屋町店,群馬県高崎市問屋町1-10-4
高松木太店,松屋　Ｒ高松木太店,香川県高松市木太町3838-1
高針店,松屋　Ｒ高針店,愛知県名古屋市名東区牧の原3-805
高津店,松屋　高津店,神奈川県川崎市高津区二子5-2-1
高槻市駅前店,松屋　高槻市駅前店,大阪府高槻市城北町2-2-7
高槻南口店,松屋　高槻南口店,大阪府高槻市高槻町9-22吉廣第二ビル1.2F
高田馬場１丁目店,松屋　高田馬場１丁目店,東京都新宿区高田馬場1-26-12高田馬場ビル
高田馬場２丁目店,松屋　高田馬場２丁目店,東京都新宿区高田馬場2-1-2
高田馬場４丁目店,松屋　高田馬場４丁目店,東京都新宿区高田馬場4-11-8木村屋ビル1F
高田馬場店,松屋　高田馬場店,東京都新宿区高田馬場3-1-2
高島平店,松屋　Ｒ高島平店,東京都板橋区高島平2-1-4
国分寺西元町店,松屋　Ｒ国分寺西元町店,東京都国分寺市西元町2丁目9-25
国分寺南口店,松屋　国分寺南口店,東京都国分寺市南町3-18-17
国立店,松屋　国立店,東京都国立市中1-8-2
国領店,松屋　国領店,東京都調布市国領町4-8-1
狛江店,松屋　狛江店,東京都狛江市東和泉1丁目18-8
今出川店,松屋　今出川店,京都府京都市上京区今出川通室町東入ル今出川町332番地
今池店,松屋　今池店,愛知県名古屋市千種区今池5-23-14コザキ今池ビル1F
今津店,松屋　今津店,兵庫県西宮市今津曙町1-1エキーマ今津1F
今里店,松屋　今里店,大阪府大阪市東成区大今里西3-5-1
佐久店,松屋　Ｒ佐久店,長野県佐久市岩村田北1丁目13-7
佐原店,松屋　Ｒ佐原店,千葉県香取市北1-13-10
佐野店,松屋　Ｒ佐野店,栃木県佐野市浅沼町558-3
座間立野台店,松屋　Ｒ座間立野台店,神奈川県座間市立野台2丁目20-3
坂戸店,松屋　Ｒ坂戸店,埼玉県坂戸市南町34-5
阪急園田店,松屋　阪急園田店,兵庫県尼崎市東園田町9-48-1園田阪急プラザ
阪神西宮店,松屋　阪神西宮店,兵庫県西宮市田中町2-3
堺東店,松屋　堺東店,大阪府堺市堺区中瓦町2-2-11第2富士ビル1F
鷺宮店,松屋　鷺宮店,東京都中野区鷺宮3-18-3エレガンス鷺ノ宮1Ｆ
鷺沼店,松屋　鷺沼店,神奈川県川崎市宮前区鷺沼1-11-6鷺沼第一ビル
桜橋店,松屋　桜橋店,大阪府大阪市北区曾根崎新地2-2-13
桜上水店,松屋　桜上水店,東京都杉並区下高井戸1-22-6
桜新町店,松屋　桜新町店,東京都世田谷区桜新町1-12-9
桜川店,松屋　桜川店,大阪府大阪市浪速区桜川3-1-24丸二ビル
桜台店,松屋　桜台店,東京都練馬区桜台1-4-67
桜美林学園店,松屋　Ｒ桜美林学園店,東京都町田市根岸町1010-6
桜木町店,松屋　桜木町店,神奈川県横浜市中区花咲町2-59白鳥ビル1F
笹塚２丁目店,松屋　笹塚２丁目店,東京都渋谷区笹塚2-41-17滝沢ビル1Ｆ
札幌駅前通店,松屋　札幌駅前通店,北海道札幌市中央区北1条西3丁目3番地
三ノ輪店,松屋　三ノ輪店,東京都台東区三ﾉ輪2-14-10
三河安城店,松屋　Ｒ三河安城店,愛知県安城市緑町2-9-2
三宮東店,松屋　三宮東店,兵庫県神戸市中央区雲井通5-2-18サンパルビル1F
三郷店,松屋　三郷店,埼玉県三郷市三郷2-1-4ふじプラザビル
三軒茶屋店,松屋　三軒茶屋店,東京都世田谷区三軒茶屋1-32-15ハイツ北岡1F
三国店,松屋　三国店,大阪府大阪市淀川区三国本町3-30-13
三宿店,松屋　三宿店,東京都世田谷区池尻3-30-10
三鷹店,松屋　三鷹店,東京都武蔵野市中町1-14-5 1F
三鷹南口店,松屋　三鷹南口店,東京都三鷹市下連雀3-34-22ライオンズプラザ三鷹駅前
三鷹北口店,松屋　三鷹北口店,東京都武蔵野市中町1-6-7
三田駅前町店,松屋　Ｒ三田駅前町店,兵庫県三田市駅前町19-10
三田店,松屋　三田店,東京都港区芝5-29-2三善ビル1Ｆ
三島店,松屋　Ｒ三島店,静岡県三島市玉川243-1
三木店,松屋　Ｒ三木店,兵庫県三木市別所町小林734-76
参宮橋店,松屋　参宮橋店,東京都渋谷区代々木4-6-2宍戸ビル1F
山形駅前店,松屋　山形駅前店,山形県山形市香澄町1-5-17第一大宝ビル
山形深町店,松屋　Ｒ山形深町店,山形県山形市深町1-2-28
山口店,松屋　Ｒ山口店,山口県山口市泉町9-37
山梨昭和店,松屋　Ｒ山梨昭和店,山梨県中巨摩郡昭和町飯喰字村西1131
山梨竜王店,松屋　Ｒ山梨竜王店,山梨県甲斐市西八幡2234-1
四ツ橋店,松屋　四ツ橋店,大阪府大阪市西区北堀江1-2-14
四条大宮駅前店,松屋　四条大宮駅前店,京都府京都市下京区四条通大宮東入立中町492
四谷２丁目店,松屋　四谷２丁目店,東京都新宿区四谷2-9ＮＫ第7ビル
四谷三丁目店,松屋　四谷三丁目店,東京都新宿区左門町2-5四谷三国ビル
四日市日永店,松屋　Ｒ四日市日永店,三重県四日市市日永4-1-10
四日市富田店,松屋　Ｒ四日市富田店,三重県四日市市松原町2-17
四日市堀木店,松屋　Ｒ四日市堀木店,三重県四日市市堀木1-3-20
市ヶ谷店,松屋　市ヶ谷店,東京都千代田区九段北4-2-15市ヶ谷プラザ1F
市原白金通店,松屋　Ｒ市原白金通店,千葉県市原市白金町1-17
市川店,松屋　市川店,千葉県市川市市川1-6-11
志村坂上店,松屋　志村坂上店,東京都板橋区小豆沢3-6-3糠賀第二ビル1F
志木店,松屋　志木店,埼玉県新座市東北2-37-12磯川ビル1F
志木東口店,松屋　志木東口店,埼玉県志木市本町5-25-12サウスウッドビル１F
氏家店,松屋　Ｒ氏家店,栃木県さくら市卯の里5丁目61-7
自由ヶ丘店,松屋　自由ヶ丘店,東京都目黒区自由が丘1-12-3第二元太ビル1F
鹿島田店,松屋　鹿島田店,神奈川県川崎市幸区下平間135
篠原橋通り店,松屋　Ｒ篠原橋通り店,愛知県名古屋市中川区篠原橋通2丁目22
篠崎店,松屋　篠崎店,東京都江戸川区篠崎町7丁目21-13プロシード篠崎２
芝大門店,松屋　芝大門店,東京都港区芝大門2-1-1第2境野ビル
取手店,松屋　取手店,茨城県取手市取手3-1-2取手プラザ1Ｆ
守口市駅前店,松屋　守口市駅前店,大阪府守口市桜町9-8
手稲前田店,松屋　Ｒ手稲前田店,北海道札幌市手稲区前田5条13-3-35
酒々井ＰＡ店,松屋　Ｒ酒々井ＰＡ店,千葉県印旛郡酒々井町大字墨字花之作1419-1
周南店,松屋　Ｒ周南店,山口県周南市新宿通5-6-23
秋津店,松屋　秋津店,東京都東村山市秋津町5-7-8
秋葉原中央通り店,松屋　秋葉原中央通り店,東京都千代田区外神田1-10-9TY2ビル1～3F
秋葉原店,松屋　秋葉原店,東京都千代田区神田松永町1番地秋葉原ファーストビル1F
住道店,松屋　住道店,大阪府大東市浜町9-10住道駅前ビル
住之江公園店,松屋　住之江公園店,大阪府大阪市住之江区新北島1-1-7ビックドックプラザ1F
十三店,松屋　十三店,大阪府大阪市淀川区十三本町1-5-8十三センタービル１Ｆ
十三東口店,松屋　十三東口店,大阪府大阪市淀川区十三東2-8-15
渋谷センター街店,松屋　渋谷センター街店,東京都渋谷区宇田川町26-9メトロビル1F
渋谷宮益坂上店,松屋　渋谷宮益坂上店,東京都渋谷区渋谷1-8-3ＴＯＣ第1ビル
渋谷宮益坂店,松屋　渋谷宮益坂店,東京都渋谷区渋谷2-19-15
渋谷桜丘店,松屋　渋谷桜丘店,東京都渋谷区桜丘町2-1
渋谷清水橋店,松屋　渋谷清水橋店,東京都渋谷区本町3-39-3
渋谷道玄坂上店,松屋　渋谷道玄坂上店,東京都渋谷区道玄坂1-18-8渋谷道玄坂プラザ仁科屋ビル
渋谷並木橋店,松屋　渋谷並木橋店,東京都渋谷区渋谷3-15-4モノステップ
春日井店,松屋　Ｒ春日井店,愛知県春日井市鳥居松町4-14
春日井南下原町店,松屋　Ｒ春日井南下原町店,愛知県春日井市南下原町二又木8-1
春日店,松屋　春日店,東京都文京区小石川2丁目23-14小石川ハイム
春日部店,松屋　春日部店,埼玉県春日部市中央1-2-6M6ビル1F
春日部豊町店,松屋　Ｒ春日部豊町店,埼玉県春日部市豊町1-27-2
春木店,松屋　Ｒ春木店,大阪府岸和田市春木若松町18-31
初石店,松屋　初石店,千葉県流山市西初石3-100-19森田ビル1Ｆ
初台店,松屋　初台店,東京都渋谷区初台1-53-9
所沢若狭店,松屋　Ｒ所沢若狭店,埼玉県所沢市若狭4-2453-1
所沢上安松店,松屋　Ｒ所沢上安松店,埼玉県所沢市大字上安松822-44
所沢店,松屋　所沢店,埼玉県所沢市日吉町10-18
所沢北原店,松屋　Ｒ所沢北原店,埼玉県所沢市北原町1403-9
曙橋店,松屋　曙橋店,東京都新宿区住吉町1-17ジェントリー市ヶ谷1F
勝どき店,松屋　勝どき店,東京都中央区勝どき2-14-1
小岩店,松屋　小岩店,東京都江戸川区西小岩1丁目21-20第23東ビル
小岩南口店,松屋　小岩南口店,東京都江戸川区南小岩6-31-14都築ビル
小金井関野町店,松屋　Ｒ小金井関野町店,東京都小金井市関野町1丁目3-5
小雑賀店,松屋　Ｒ小雑賀店,和歌山県和歌山市小雑賀573-9
小山店,松屋　Ｒ小山店,栃木県小山市駅南町6-28-22
小松川店,松屋　Ｒ小松川店,東京都江戸川区小松川3-90
小倉駅前店,松屋　小倉駅前店,福岡県北九州市小倉北区京町2-5-13
小倉片野店,松屋　Ｒ小倉片野店,福岡県北九州市小倉北区片野4-20-12
小滝橋通り店,松屋　小滝橋通り店,東京都新宿区西新宿7-7-28第一山本ビル1F
小田急永山店,松屋　小田急永山店,東京都多摩市永山1-18-2小田急マルシェ永山
小田急相模原西口店,松屋　小田急相模原西口店,神奈川県相模原市南区相模台2-4-6Ｋ-フィネッサ
小田急相模原店,松屋　小田急相模原店,神奈川県相模原市南区松が枝町24-6
小田原酒匂店,松屋　Ｒ小田原酒匂店,神奈川県小田原市西酒匂1丁目9-3
小田原店,松屋　小田原店,神奈川県小田原市栄町2-8-33岩下第1ビル
小平小川店,松屋　Ｒ小平小川店,東京都小平市小川東町5-2-5
小平店,松屋　小平店,東京都小平市美園町1-3-9
小牧店,松屋　Ｒ小牧店,愛知県小牧市小木東1-146
庄内店,松屋　庄内店,大阪府豊中市庄内西町2-22-10幸栄ビル1F
昭島松原町店,松屋　Ｒ昭島松原町店,東京都昭島市松原町1-6-13AGスクウェアビル1F
松原団地店,松屋　松原団地店,埼玉県草加市栄町3-1-9
松戸七畝割店,松屋　Ｒ松戸七畝割店,千葉県松戸市松戸2303-16
松戸松飛台店,松屋　松戸松飛台店,千葉県松戸市松飛台259-5
松戸店,松屋　松戸店,千葉県松戸市本町1-18第37東京ビル
松山萱町店,松屋　Ｒ松山萱町店,愛媛県松山市萱町6丁目53-1
松山枝松店,松屋　Ｒ松山枝松店,愛媛県松山市枝松5丁目7-14
松山石井店,松屋　Ｒ松山石井店,愛媛県松山市東石井4-11-8
松山大街道店,松屋　松山大街道店,愛媛県松山市大街道2丁目3-6
松本駅前店,松屋　松本駅前店,長野県松本市中央1-2-23山平ビル
松本高宮店,松屋　Ｒ松本高宮店,長野県松本市高宮中2-5
沼袋店,松屋　沼袋店,東京都中野区沼袋3-4-18
沼津店,松屋　Ｒ沼津店,静岡県沼津市筒井町9-7
沼津南店,松屋　Ｒ沼津南店,静岡県沼津市上香貫字三園町1372番地
湘南台店,松屋　湘南台店,神奈川県藤沢市湘南台2-5-9
上越藤野店,松屋　Ｒ上越藤野店,新潟県上越市大字藤野新田字上長池245-1
上溝店,松屋　Ｒ上溝店,神奈川県相模原市中央区上溝3-16-1
上山店,松屋　Ｒ上山店,山形県上山市仙石字梅ﾉ木774-1
上新庄店,松屋　上新庄店,大阪府大阪市東淀川区瑞光1-11-29新高ビル1階
上石神井店,松屋　上石神井店,東京都練馬区上石神井2-25-5栄ビル1F
上前津店,松屋　上前津店,愛知県名古屋市中区大須4-11-9
上大岡店,松屋　上大岡店,神奈川県横浜市港南区上大岡西2-1-19須藤ビル1F
上鶴間店,松屋　Ｒ上鶴間店,神奈川県相模原市南区上鶴間本町5丁目1番2号
上田秋和店,松屋　Ｒ上田秋和店,長野県上田市秋和492-5
上板橋店,松屋　上板橋店,東京都板橋区常盤台4-33-13丸萩ビル１F
上飯田店,松屋　Ｒ上飯田店,愛知県名古屋市北区上飯田通1-13
上尾東口店,松屋　上尾東口店,埼玉県上尾市宮本町3-16グロアール上尾
上尾緑丘店,松屋　Ｒ上尾緑丘店,埼玉県上尾市緑丘3-3-7
上福岡店,松屋　上福岡店,埼玉県ふじみ野市上福岡1-2-36
上野浅草口店,松屋　上野浅草口店,東京都台東区上野7-2-2
上野店,松屋　上野店,東京都台東区上野4-9-5石井ビル1F.2F
城清水店,松屋　Ｒ城清水店,福島県郡山市南1-2
植田一本松店,松屋　Ｒ植田一本松店,愛知県名古屋市天白区一本松2-701
寝屋川店,松屋　Ｒ寝屋川店,大阪府寝屋川市高宮栄町10-2
心斎橋店,松屋　心斎橋店,大阪府大阪市中央区心斎橋筋1-10-1心斎橋タワービル1F
新栄店,松屋　新栄店,愛知県名古屋市中区葵1-20-19芝電ビル1F
新潟駅前店,松屋　新潟駅前店,新潟県新潟市中央区東大通1-6-1
新潟女池店,松屋　Ｒ新潟女池店,新潟県新潟市中央区女池5-7-10
新潟米山店,松屋　Ｒ新潟米山店,新潟県新潟市中央区米山5-14-5
新潟豊栄店,松屋　Ｒ新潟豊栄店,新潟県新潟市北区かぶとやま2丁目2-58
新潟万代シテイ店,松屋　新潟万代シテイ店,新潟県新潟市中央区万代1-1-22
新橋３丁目店,松屋　新橋３丁目店,東京都港区新橋3-16-1
新検見川店,松屋　新検見川店,千葉県千葉市花見川区南花園2-1-6朝日ビル新検見川1Ｆ
新高円寺店,松屋　新高円寺店,東京都杉並区高円寺南2-20-2新高円寺駅前ビル1F2F
新座馬場店,松屋　Ｒ新座馬場店,埼玉県新座市馬場1-4-13
新在家店,松屋　新在家店,兵庫県神戸市灘区浜田町3丁目5-8アーバンヴィレッジ六甲南
新宿1丁目店,松屋　新宿1丁目店,東京都新宿区新宿1丁目26-6新宿加藤ビルディング1F
新宿３丁目店,松屋　新宿３丁目店,東京都新宿区新宿3-11-11ダイアン新宿ビル
新宿歌舞伎町店,松屋　新宿歌舞伎町店,東京都新宿区歌舞伎町1-22-8小島屋歌舞伎町ビル1F
新宿西口店,松屋　新宿西口店,東京都新宿区西新宿1-13-3西新ビル1F
新宿大ガード店,松屋　新宿大ガード店,東京都新宿区西新宿1-2-1ファイブＫビル1階
新宿南口店,松屋　新宿南口店,東京都新宿区新宿3-36-15新宿内野ビル1F
新宿二丁目店,松屋　新宿二丁目店,東京都新宿区新宿2-7-3ヴェラハイツ新宿御苑１F
新宿靖国通り店,松屋　新宿靖国通り店,東京都新宿区歌舞伎町1-6-3石塚ビル1階
新所沢東口店,松屋　新所沢東口店,埼玉県所沢市松葉町10-15
新小岩店,松屋　新小岩店,東京都葛飾区新小岩1-46
新小岩北口店,松屋　新小岩北口店,東京都葛飾区西新小岩1-9-1
新松戸西口店,松屋　新松戸西口店,千葉県松戸市新松戸2-21-103
新杉田店,松屋　新杉田店,神奈川県横浜市磯子区新杉田町3-1ステイト新杉田
新大久保店,松屋　新大久保店,東京都新宿区百人町1丁目4-15竹見ビル
新大宮店,松屋　新大宮店,奈良県奈良市大宮町5-3-36
新大阪東口店,松屋　新大阪東口店,大阪府大阪市東淀川区東中島1-20-9新大阪池永ビル
新大塚店,松屋　新大塚店,東京都豊島区東池袋5-52-16池田ビル
新中野店,松屋　新中野店,東京都中野区本町4-30-26成瀬ビル1F
新木場店,松屋　新木場店,東京都江東区新木場1-6-1新木場メトロセンターB棟G-2号
森ノ宮店,松屋　森ノ宮店,大阪府大阪市中央区森ノ宮中央1-407-2
森下店,松屋　森下店,東京都江東区森下2-17-1勝山ビル1F・2F
森孝店,松屋　Ｒ森孝店,愛知県名古屋市守山区森孝4-507
深江橋店,松屋　Ｒ深江橋店,大阪府大阪市東成区深江北2-9-24コルタ深江橋
深川不動前店,松屋　深川不動前店,東京都江東区富岡1-6-3
深大寺3丁目店,松屋　Ｒ深大寺3丁目店,東京都三鷹市深大寺3-8-7
深大寺店,松屋　Ｒ深大寺店,東京都調布市深大寺北町4-30-3
深谷市役所前店,松屋　Ｒ深谷市役所前店,埼玉県深谷市深谷町4-45
神楽坂店,松屋　神楽坂店,東京都新宿区神楽坂2-9大川ビル1F
神戸伊川谷店,松屋　Ｒ神戸伊川谷店,兵庫県神戸市西区伊川谷町有瀬1304
神戸玉津店,松屋　Ｒ神戸玉津店,兵庫県神戸市西区枝吉5丁目147番
神戸元町店,松屋　神戸元町店,兵庫県神戸市中央区元町通2-8-14オルタンシアビル1F
神戸新開地店,松屋　神戸新開地店,兵庫県神戸市兵庫区新開地4-6-26
神栖店,松屋　Ｒ神栖店,茨城県神栖市大野原2-22-1
神田小川町店,松屋　神田小川町店,東京都千代田区神田小川町2-1-15 1､2F
神田須田町店,松屋　神田須田町店,東京都千代田区神田須田町1-12-9富士第1ビル1F
神田西口店,松屋　神田西口店,東京都千代田区内神田2-12-5黒川第1ビル1F
神田南口店,松屋　神田南口店,東京都千代田区鍛冶町2丁目1-2神田南口鋭光ビル
神保町店,松屋　神保町店,東京都千代田区西神田2-1-13桜井ビル1F
神立店,松屋　Ｒ神立店,静岡県浜松市東区神立町118-2
秦野店,松屋　秦野店,神奈川県秦野市大秦町1-4鈴よしビル1F
針中野店,松屋　針中野店,大阪府大阪市東住吉区駒川5-16-3 1､2F
人形町店,松屋　人形町店,東京都中央区日本橋人形町1-18-8第2篠原ビル
諏訪店,松屋　Ｒ諏訪店,長野県諏訪市大字四賀赤沼1825-1
逗子店,松屋　逗子店,神奈川県逗子市逗子2-6-29
吹上店,松屋　Ｒ吹上店,埼玉県鴻巣市鎌塚3-10-12
垂水店,松屋　垂水店,兵庫県神戸市垂水区神田町3番18号ラ･メール垂水1F
水戸バイパス店,松屋　Ｒ水戸バイパス店,茨城県水戸市元吉田町1435-7
水戸駅前店,松屋　水戸駅前店,茨城県水戸市三の丸1-1-14成晃ビル1F
水戸東原店,松屋　Ｒ水戸東原店,茨城県水戸市東原2-9-17
水道橋店,松屋　水道橋店,東京都千代田区三崎町3-7-13三大ビル
瑞江店,松屋　瑞江店,東京都江戸川区瑞江2-3-11
瀬戸店,松屋　Ｒ瀬戸店,愛知県瀬戸市共栄通6-4
成城学園前店,松屋　成城学園前店,東京都世田谷区成城2-39-2成城学園ビューハイツ1F
成増店,松屋　成増店,東京都板橋区成増2-17-23
成田店,松屋　Ｒ成田店,千葉県成田市不動ヶ岡刈分2148-6
清水南店,松屋　Ｒ清水南店,静岡県静岡市清水区駒越北町4番1号
清瀬店,松屋　清瀬店,東京都清瀬市松山1-11-17
清瀬野塩店,松屋　Ｒ清瀬野塩店,東京都清瀬市野塩4-224-1
生田店,松屋　生田店,神奈川県川崎市多摩区生田7-8-9
盛岡アイーナ店,松屋　盛岡アイーナ店,岩手県盛岡市盛岡駅西通1-7-1いわて県民情報交流センター
盛岡駅前通店,松屋　盛岡駅前通店,岩手県盛岡市盛岡駅前通9-9
盛岡大通店,松屋　盛岡大通店,岩手県盛岡市大通1-7-5
聖蹟桜ヶ丘店,松屋　聖蹟桜ヶ丘店,東京都多摩市関戸2-39-10
西ノ宮店,松屋　西ノ宮店,兵庫県西宮市池田町9-7太陽ビル1F103号
西荻窪店,松屋　西荻窪店,東京都杉並区西荻南3-11-8
西葛西店,松屋　西葛西店,東京都江戸川区西葛西3-17-7
西蒲田店,松屋　西蒲田店,東京都大田区西蒲田8丁目24-8
西五反田店,松屋　西五反田店,東京都品川区西五反田1-11-9司ビル
西所沢店,松屋　Ｒ西所沢店,埼玉県所沢市上新井5-15-15
西小山店,松屋　西小山店,東京都品川区小山6-5-1
西新井店,松屋　西新井店,東京都足立区西新井栄町2-3-2ヤオキビル1F･2F
西新宿３丁目店,松屋　西新宿３丁目店,東京都新宿区西新宿3-7-21陽輪台西新宿林屋ビル
西新宿８丁目店,松屋　西新宿８丁目店,東京都新宿区西新宿8-12-1ダイヤモンドビル1F
西新宿店,松屋　西新宿店,東京都新宿区西新宿5-10-14西新宿橋谷田ビル1階・Ｂ1階
西新店,松屋　西新店,福岡県福岡市早良区西新5丁目1-2
西千葉店,松屋　西千葉店,千葉県千葉市中央区春日2-19-9西千葉西口ビル
西川口西口店,松屋　西川口西口店,埼玉県川口市西川口1丁目23-18
西川口店,松屋　西川口店,埼玉県川口市並木2-1-61F
西船橋店,松屋　西船橋店,千葉県船橋市西船4-25-3
西船橋南店,松屋　Ｒ西船橋南店,千葉県船橋市本郷町666-3リバーサイド本郷
西巣鴨店,松屋　西巣鴨店,東京都豊島区西巣鴨3-25-11メトロエステート西巣鴨110・111号
西大井店,松屋　西大井店,東京都品川区西大井1-4-20コア･スターレ西大井SC
西中島店,松屋　西中島店,大阪府大阪市淀川区西中島6-7-3
西町店,松屋　Ｒ西町店,北海道札幌市西区西町北4-1-8
西日暮里店,松屋　西日暮里店,東京都荒川区西日暮里5丁目24-5
西八王子店,松屋　西八王子店,東京都八王子市台町4-47-11飯田ビル1F
青砥店,松屋　青砥店,東京都葛飾区青戸3-37-19
青梅河辺町店,松屋　青梅河辺町店,東京都青梅市河辺町8-1-2
青梅新町店,松屋　Ｒ青梅新町店,東京都青梅市新町9-2020
青物横丁店,松屋　青物横丁店,東京都品川区東品川3-23-18アツミビル
青柳町店,松屋　Ｒ青柳町店,愛知県名古屋市千種区青柳町6丁目21-1
青葉台店,松屋　青葉台店,神奈川県横浜市青葉区青葉台2-9-18青葉台ハイツ1F
静岡御幸町店,松屋　静岡御幸町店,静岡県静岡市葵区御幸町9-2-1
静岡七ツ新屋店,松屋　Ｒ静岡七ツ新屋店,静岡県静岡市清水区七ﾂ新屋328-1
静岡池田店,松屋　Ｒ静岡池田店,静岡県静岡市駿河区池田404-1
静岡八幡店,松屋　Ｒ静岡八幡店,静岡県静岡市駿河区八幡2丁目3-17
石橋駅前店,松屋　石橋駅前店,大阪府池田市石橋1-10-27
石神井公園店,松屋　石神井公園店,東京都練馬区石神井町3-24-10
石神井台店,松屋　Ｒ石神井台店,東京都練馬区石神井台6丁目7-2
石和店,松屋　Ｒ石和店,山梨県笛吹市石和町広瀬1374
赤羽西口店,松屋　赤羽西口店,東京都北区赤羽西1-38-2
赤羽店,松屋　赤羽店,東京都北区赤羽2-1-19十一会ビル
赤羽東口店,松屋　赤羽東口店,東京都北区赤羽1-2-6
赤坂６丁目店,松屋　赤坂６丁目店,東京都港区赤坂6丁目4-22
赤坂見附店,松屋　赤坂見附店,東京都港区赤坂3-21-8千古満ビル1F
赤坂店,松屋　赤坂店,東京都港区赤坂5-4-6赤坂三辻ビル1F
仙川店,松屋　仙川店,東京都調布市仙川町1-11-16ハラダビル
仙台クリスロード店,松屋　仙台クリスロード店,宮城県仙台市青葉区中央2-4-11水晶堂ビル
仙台五橋店,松屋　仙台五橋店,宮城県仙台市若林区清水小路5-6エステート五ツ橋
仙台広瀬通本町店,松屋　仙台広瀬通本町店,宮城県仙台市青葉区本町1-2-5第3志ら梅ビル
仙台鹿島店,松屋　Ｒ仙台鹿島店,宮城県仙台市泉区市名坂字鹿島11
仙台扇町店,松屋　Ｒ仙台扇町店,宮城県仙台市宮城野区扇町5-5-1
仙台大和町店,松屋　Ｒ仙台大和町店,宮城県仙台市若林区大和町3-2-11
仙台中央店,松屋　仙台中央店,宮城県仙台市青葉区中央3-6-3 1F
仙台中野栄店,松屋　Ｒ仙台中野栄店,宮城県仙台市宮城野区中野字只屋敷45-1
仙台定禅寺通り店,松屋　仙台定禅寺通り店,宮城県仙台市青葉区国分町3-3-5リスズビル1F
仙台南町通り店,松屋　仙台南町通り店,宮城県仙台市青葉区一番町2-7-7
仙台八乙女店,松屋　Ｒ仙台八乙女店,宮城県仙台市泉区上谷刈1-1-5
千歳烏山店,松屋　千歳烏山店,東京都世田谷区南烏山4-12-4スギウラビル1F
千歳船橋店,松屋　千歳船橋店,東京都世田谷区船橋1-1-5アジア堂ビル1F
千川店,松屋　千川店,東京都豊島区要町3-38-3長崎ビル1F
千駄木店,松屋　千駄木店,東京都文京区千駄木2-33-8
千日前店,松屋　千日前店,大阪府大阪市中央区難波3-3-4
千葉我孫子店,松屋　千葉我孫子店,千葉県我孫子市本町2-2-19プラザビル1F
千葉幸町店,松屋　Ｒ千葉幸町店,千葉県千葉市美浜区幸町2-21-30
千葉店,松屋　千葉店,千葉県千葉市中央区富士見2-5-16
千里丘店,松屋　Ｒ千里丘店,大阪府摂津市千里丘5-11-3
千林大宮店,松屋　千林大宮店,大阪府大阪市旭区森小路2-6-1
川越インター店,松屋　Ｒ川越インター店,埼玉県川越市広栄町6-6
川越城下町店,松屋　Ｒ川越城下町店,埼玉県川越市城下町7-8
川越西口店,松屋　川越西口店,埼玉県川越市脇田本町1-7川越駅西口ビル
川口栄町店,松屋　川口栄町店,埼玉県川口市栄町3丁目14-1
川口駅前店,松屋　川口駅前店,埼玉県川口市川口1-1-1CuPo･La専門店A105
川口上青木店,松屋　Ｒ川口上青木店,埼玉県川口市上青木2-47-1
川口並木店,松屋　Ｒ川口並木店,埼玉県川口市並木4-6-20
川崎京町店,松屋　Ｒ川崎京町店,神奈川県川崎市川崎区京町1-18-15
川崎銀座街店,松屋　川崎銀座街店,神奈川県川崎市川崎区砂子1-1-7川崎銀座共同ビル
川崎西口店,松屋　川崎西口店,神奈川県川崎市幸区大宮町5-1
川崎大師店,松屋　川崎大師店,神奈川県川崎市川崎区大師駅前1-16-20石川ビル
川崎店,松屋　川崎店,神奈川県川崎市川崎区小川町14-2栄安ビル
川崎枡形店,松屋　Ｒ川崎枡形店,神奈川県川崎市多摩区枡形1-5-9
川西能勢口店,松屋　川西能勢口店,兵庫県川西市栄町10-5パルティ川西101号
川島店,松屋　Ｒ川島店,埼玉県比企郡川島町大字上伊草1214-1
浅草橋店,松屋　浅草橋店,東京都台東区柳橋1-13-4村井ビル1.2F
浅草吾妻橋店,松屋　浅草吾妻橋店,東京都台東区雷門2-19-13
浅草国際通店,松屋　浅草国際通店,東京都台東区浅草2-11-7和田ビル
浅草店,松屋　浅草店,東京都台東区浅草1-12-8大山ビル
船橋南口店,松屋　船橋南口店,千葉県船橋市本町1-3-1フェイスビル1F-0108
船橋北口店,松屋　船橋北口店,千葉県船橋市本町6-6-4北口スクエアビル
船堀店,松屋　船堀店,東京都江戸川区船堀1-4-16SKビル船堀
前橋元総社町店,松屋　Ｒ前橋元総社町店,群馬県前橋市元総社町90-1
前橋三河町店,松屋　前橋三河町店,群馬県前橋市三河町2-16-16
前橋上小出町店,松屋　Ｒ前橋上小出町店,群馬県前橋市上小出町2-41-7
曽根店,松屋　Ｒ曽根店,大阪府豊中市曽根東町2-12-14
祖師谷大蔵３丁目店,松屋　祖師谷大蔵３丁目店,東京都世田谷区祖師谷3-32-14
蘇我店,松屋　Ｒ蘇我店,千葉県千葉市中央区今井2-1-1
早稲田店,松屋　早稲田店,東京都新宿区馬場下町62-18早稲田武蔵野ビル1F
巣鴨店,松屋　巣鴨店,東京都豊島区巣鴨2丁目5-2
相模原中央店,松屋　相模原中央店,神奈川県相模原市中央区中央1丁目10-15
相模原店,松屋　相模原店,神奈川県相模原市中央区相模原2-2-19エイコーマンション1F
相模大野店,松屋　相模大野店,神奈川県相模原市南区相模大野3-2-1ボーノ相模大野ノースモール1F
草加清門町店,松屋　Ｒ草加清門町店,埼玉県草加市清門町423-1
草加西口店,松屋　草加西口店,埼玉県草加市氷川町2125-4ウシヤマビル
草加店,松屋　Ｒ草加店,埼玉県草加市北谷町1-2-14
草津店,松屋　Ｒ草津店,滋賀県草津市草津3-14-33
足立江北店,松屋　Ｒ足立江北店,東京都足立区江北3丁目35番12号
足立保塚店,松屋　Ｒ足立保塚店,東京都足立区保塚町12-21
袖ヶ浦店,松屋　Ｒ袖ヶ浦店,千葉県袖ケ浦市福王台3-12-4
多治見店,松屋　Ｒ多治見店,岐阜県多治見市白山町4-50
多摩ニュータウン店,松屋　Ｒ多摩ニュータウン店,東京都八王子市松木33-3
多摩愛宕店,松屋　Ｒ多摩愛宕店,東京都多摩市愛宕4-7-3
太田飯塚町店,松屋　Ｒ太田飯塚町店,群馬県太田市飯塚町1443
代々木上原店,松屋　代々木上原店,東京都渋谷区西原3-7-6大又建設ビル
代々木店,松屋　代々木店,東京都渋谷区代々木1-34-4
代々木南店,松屋　代々木南店,東京都渋谷区千駄ヶ谷4丁目29-12北参道ダイヤモンドパレス103
代々木八幡店,松屋　代々木八幡店,東京都渋谷区富ヶ谷1-52-2ニューアメリカンビル1F
大井競馬場店,松屋　大井競馬場店,東京都品川区勝島2-1-2大井競馬場Lウイング2階
大井町店,松屋　大井町店,東京都品川区東大井5-6-8
大岡山店,松屋　大岡山店,東京都大田区北千束1-40-1石井ビル1F
大垣店,松屋　Ｒ大垣店,岐阜県大垣市禾森町5-190
大久保２丁目店,松屋　大久保２丁目店,東京都新宿区大久保2-5-1
大久保店,松屋　大久保店,東京都新宿区百人町1-18-11百人町秋山ビル1F
大宮吉野町店,松屋　Ｒ大宮吉野町店,埼玉県さいたま市北区吉野町1-2-3
大宮桜木町店,松屋　大宮桜木町店,埼玉県さいたま市大宮区桜木町2-472-3
大宮深作店,松屋　Ｒ大宮深作店,埼玉県さいたま市見沼区深作3-27-3
大宮大成町店,松屋　Ｒ大宮大成町店,埼玉県さいたま市大宮区大成町3-517
大宮仲町店,松屋　大宮仲町店,埼玉県さいたま市大宮区仲町1-71東京レジャービル1F
大宮東口店,松屋　大宮東口店,埼玉県さいたま市大宮区宮町1-5
大宮奈良町店,松屋　Ｒ大宮奈良町店,埼玉県さいたま市北区奈良町51-4
大宮南中丸店,松屋　Ｒ大宮南中丸店,埼玉県さいたま市見沼区大字南中丸字久保519-4
大国町店,松屋　大国町店,大阪府大阪市浪速区敷津東1-9-16
大阪茨木店,松屋　大阪茨木店,大阪府茨木市春日1-4-1
大阪本町店,松屋　大阪本町店,大阪府大阪市中央区南本町3-3-8
大阪野田店,松屋　大阪野田店,大阪府大阪市福島区吉野3-12-27
大山店,松屋　大山店,東京都板橋区大山東町58-2
大森町店,松屋　大森町店,東京都大田区大森西3-20-14
大森店,松屋　大森店,東京都大田区山王2-2-11
大森北口店,松屋　大森北口店,東京都品川区南大井6-24-1セブンスターマンション第五大森
大泉学園町店,松屋　大泉学園町店,東京都練馬区大泉学園町7-15-20
大泉学園店,松屋　大泉学園店,東京都練馬区東大泉1-37-3THE509TOWER1F
大泉学園南口店,松屋　大泉学園南口店,東京都練馬区東大泉5-41-14エクラン大泉1F
大船駅前店,松屋　大船駅前店,神奈川県鎌倉市大船1-12-23
大船店,松屋　大船店,神奈川県鎌倉市大船1-25-23
大曽根北店,松屋　Ｒ大曽根北店,愛知県名古屋市北区山田町4-72
大倉山店,松屋　大倉山店,神奈川県横浜市港北区大倉山3-1-28
大鳥居店,松屋　大鳥居店,東京都大田区萩中3-6-5
大津通錦店,松屋　大津通錦店,愛知県名古屋市中区錦3-7-10
大津店,松屋　Ｒ大津店,滋賀県大津市別保3-2-55
大塚店,松屋　大塚店,東京都豊島区北大塚2-11-1
大島店,松屋　大島店,東京都江東区大島6-9-16佐々木ビル
大東御供田店,松屋　Ｒ大東御供田店,大阪府大東市御供田3-7-41
大牟田店,松屋　Ｒ大牟田店,福岡県大牟田市船津町459-2
大名1丁目店,松屋　大名1丁目店,福岡県福岡市中央区大名1-1-10大名ＴＣビル
大野城店,松屋　Ｒ大野城店,福岡県大野城市大字瓦田5-11-25
大和高田店,松屋　Ｒ大和高田店,奈良県大和高田市曽大根122-7
大和渋谷店,松屋　Ｒ大和渋谷店,神奈川県大和市渋谷5丁目4-1
大和店,松屋　大和店,神奈川県大和市大和南1-3-4登喜和ビル1F
大和田店,松屋　大和田店,大阪府門真市野里町1-23
鷹の台店,松屋　鷹の台店,東京都小平市たかの台44-8長谷川ビル
谷町九丁目店,松屋　谷町九丁目店,大阪府大阪市天王寺区生玉前町1-21
池上３丁目店,松屋　池上３丁目店,東京都大田区池上3丁目3-1
池上店,松屋　池上店,東京都大田区池上6-2-17
池尻大橋店,松屋　池尻大橋店,東京都目黒区東山3-1-15ＳＤ池尻大橋ビル
池袋アゼリア通り店,松屋　池袋アゼリア通り店,東京都豊島区西池袋5-2-10太公望ＫＭビル
池袋サンシャイン通り店,松屋　池袋サンシャイン通り店,東京都豊島区東池袋1-29-4成田ビル1.2F
池袋トキワ通店,松屋　池袋トキワ通店,東京都豊島区西池袋1丁目40番4号川松ビル
池袋西口店,松屋　池袋西口店,東京都豊島区西池袋1-20-6広瀬ビル1.2F
池袋東口駅前店,松屋　池袋東口駅前店,東京都豊島区南池袋1-27-9
池袋東通り店,松屋　池袋東通り店,東京都豊島区南池袋2-13-10東海キャッスル小林1Ｆ
中の島店,松屋　Ｒ中の島店,北海道札幌市豊平区中の島二条6丁目1-6
中井店,松屋　中井店,東京都新宿区上落合2-20-3
中延店,松屋　中延店,東京都品川区中延4-5-3智勇第一ビル1F
中山店,松屋　中山店,神奈川県横浜市緑区寺山町87-7
中洲店,松屋　中洲店,福岡県福岡市博多区中洲5-1-7SPOONビル1階
中村橋店,松屋　中村橋店,東京都練馬区貫井2-2-5ムツワビル1.2F
中島新町店,松屋　Ｒ中島新町店,愛知県名古屋市中川区中島新町4-105
中板橋店,松屋　中板橋店,東京都板橋区中板橋21-2中板堂ビル
中目黒店,松屋　中目黒店,東京都目黒区上目黒3-3-1中津川ビル1・２F
中野坂上店,松屋　中野坂上店,東京都中野区中央2-1-2中野坂上吉田ビル1F
中野新橋店,松屋　中野新橋店,東京都中野区弥生町2-23-3松屋ビル1F
中野通り店,松屋　中野通り店,東京都中野区中野5-68-9松鶴堂ビル
中野南口店,松屋　中野南口店,東京都中野区中野2-29-8NTビル1F
中野富士見町店,松屋　中野富士見町店,東京都中野区弥生町5-27-7プレミール富士見1F
仲御徒町店,松屋　仲御徒町店,東京都台東区台東3-41-4仲御徒町ビル1.2F
朝霞台店,松屋　朝霞台店,埼玉県朝霞市浜崎1-3-10AX－1ビル1F
朝霞店,松屋　朝霞店,埼玉県朝霞市本町2-4-18バモスビル1F
朝霞東口店,松屋　朝霞東口店,埼玉県朝霞市仲町2-2-43大日屋ビル
朝霞膝折店,松屋　Ｒ朝霞膝折店,埼玉県朝霞市膝折町2丁目10-14
町屋店,松屋　町屋店,東京都荒川区町屋1-2-101、2F
町田中町店,松屋　Ｒ町田中町店,東京都町田市中町2-16-6
町田店,松屋　町田店,東京都町田市原町田4-4-15
町田東口店,松屋　町田東口店,東京都町田市原町田6-15-16コマヤビル
調布駅前店,松屋　調布駅前店,東京都調布市布田1-40-10アルソス調布駅前北口ビル
長岡堺東町店,松屋　Ｒ長岡堺東町店,新潟県長岡市堺東町7
長久手店,松屋　Ｒ長久手店,愛知県愛知郡長久手町武蔵塚702
長居店,松屋　Ｒ長居店,大阪府大阪市住吉区長居3-14-8
長後店,松屋　長後店,神奈川県藤沢市下土棚509-10
長瀬店,松屋　長瀬店,大阪府東大阪市菱屋西1-17-14
長野若里店,松屋　Ｒ長野若里店,長野県長野市大字稲葉上千田沖312-2
長野鶴賀七瀬店,松屋　Ｒ長野鶴賀七瀬店,長野県長野市鶴賀(大字)七瀬578-1
長野柳原店,松屋　Ｒ長野柳原店,長野県長野市大字小島86-1
長良町店,松屋　Ｒ長良町店,愛知県名古屋市中川区長良町3-32
鳥飼店,松屋　Ｒ鳥飼店,大阪府摂津市鳥飼本町3-16-59
津田沼店,松屋　津田沼店,千葉県習志野市津田沼1-10-41十番街ビル1F
津田沼南口店,松屋　津田沼南口店,千葉県習志野市谷津7-9-16京葉ビル２
津南店,松屋　Ｒ津南店,三重県津市高茶屋小森町字丸田283-2
椎名町店,松屋　椎名町店,東京都豊島区長崎1-2-4バイオレットインＡ室
追浜店,松屋　追浜店,神奈川県横須賀市追浜町3-13-13
通天閣店,松屋　通天閣店,大阪府大阪市浪速区恵美須西2-1-32
鶴ヶ島店,松屋　鶴ヶ島店,埼玉県川越市鯨井新田1-18細田ビル
鶴ヶ峰店,松屋　鶴ヶ峰店,神奈川県横浜市旭区鶴ｹ峰1-12-3
鶴間店,松屋　鶴間店,神奈川県大和市西鶴間1-2-9
鶴橋店,松屋　鶴橋店,大阪府大阪市天王寺区下味原町3-13鶴橋下味原ビル1F
鶴見店,松屋　鶴見店,神奈川県横浜市鶴見区豊岡町2-2フーガ2
鶴見東口店,松屋　鶴見東口店,神奈川県横浜市鶴見区鶴見中央1-3-3
鶴瀬店,松屋　鶴瀬店,埼玉県富士見市鶴馬2605-1
鶴川店,松屋　鶴川店,東京都町田市能ｹ谷町5002-9applestudio1F
帝京大学前店,松屋　Ｒ帝京大学前店,東京都八王子市大塚131-8
天王町店,松屋　天王町店,神奈川県横浜市保土ケ谷区天王町2-47-7日振ビル1Ｆ
天神橋六丁目店,松屋　天神橋六丁目店,大阪府大阪市北区本庄東1-6-22
天神店,松屋　天神店,福岡県福岡市中央区天神3-3-1木下ビル
天満橋店,松屋　天満橋店,大阪府大阪市中央区谷町2-8-1大手前M2ビル
天理PA店,松屋　Ｒ天理PA店,奈良県大和郡山市櫟枝町字三ﾉ坪195-1
田無駅前店,松屋　田無駅前店,東京都西東京市田無町4-2-12A2ビル1階
田無南口店,松屋　田無南口店,東京都西東京市南町5丁目5-3
都筑インター店,松屋　Ｒ都筑インター店,神奈川県横浜市都筑区早淵3-37-14
都立家政店,松屋　都立家政店,東京都中野区鷺宮3-6-1岡田ビル
都立大学店,松屋　都立大学店,東京都目黒区平町1-27-5
土浦真鍋店,松屋　Ｒ土浦真鍋店,茨城県土浦市真鍋1-12-9
東久留米下里店,松屋　Ｒ東久留米下里店,東京都東久留米市下里3-24-12
東久留米店,松屋　東久留米店,東京都東久留米市東本町1-8たちばなやビル
東久留米南町店,松屋　東久留米南町店,東京都東久留米市南町4-1-8
東戸塚西口店,松屋　東戸塚西口店,神奈川県横浜市戸塚区川上町アップル東戸塚ビル
東戸塚店,松屋　東戸塚店,神奈川県横浜市戸塚区品濃町538-9恩田ビル1､2F
東五反田店,松屋　東五反田店,東京都品川区東五反田2-4-1東五反田レンガビル1F
東御店,松屋　Ｒ東御店,長野県東御市加沢1406-51
東広島西条店,松屋　Ｒ東広島西条店,広島県東広島市西条町寺家4828-1
東高円寺店,松屋　東高円寺店,東京都杉並区高円寺南1-6-5サマリヤマンション1F
東寺店,松屋　Ｒ東寺店,京都府京都市南区西九条開ヶ町101-2
東住吉中野店,松屋　Ｒ東住吉中野店,大阪府大阪市東住吉区中野4-3-22
東住吉湯里店,松屋　Ｒ東住吉湯里店,大阪府大阪市東住吉区湯里5-20-6
東十条店,松屋　東十条店,東京都北区東十条4-4-24宮田ビル1F
東小金井店,松屋　東小金井店,東京都小金井市東町4-42-19
東松山上野本店,松屋　Ｒ東松山上野本店,埼玉県東松山市上野本1174-2
東松山店,松屋　東松山店,埼玉県東松山市箭弓町1-12-8大谷ビル
東新宿店,松屋　東新宿店,東京都新宿区歌舞伎町2-2-21ライオンズマンション歌舞伎町B102号室
東神奈川店,松屋　東神奈川店,神奈川県横浜市神奈川区西神奈川1-20-4加賀ビル
東千葉店,松屋　Ｒ東千葉店,千葉県千葉市中央区祐光2-15-5
東船橋店,松屋　Ｒ東船橋店,千葉県船橋市東船橋5-15-11
東村山店,松屋　東村山店,東京都東村山市本町2-3-77吉崎ビル1F
東大井町店,松屋　東大井町店,東京都品川区東大井5-21-5
東大宮駅前店,松屋　東大宮駅前店,埼玉県さいたま市見沼区東大宮5-38-5あずまビル1F
東大宮店,松屋　Ｒ東大宮店,埼玉県さいたま市見沼区東大宮5-10-5
東大阪川田店,松屋　Ｒ東大阪川田店,大阪府東大阪市川田1-15-8
東大和市駅前店,松屋　東大和市駅前店,東京都東大和市南街5-93-13ビル・エール1階
東大和清水店,松屋　Ｒ東大和清水店,東京都東大和市清水5-1095-7
東池袋グリーン大通店,松屋　東池袋グリーン大通店,東京都豊島区東池袋1丁目25-17
東池袋店,松屋　東池袋店,東京都豊島区東池袋1-40-2近代ＢＬＤ.8号館1階
東中野店,松屋　東中野店,東京都中野区東中野3-1-19
東長崎店,松屋　東長崎店,東京都豊島区南長崎5-16-8平和ビル１F
東比恵店,松屋　Ｒ東比恵店,福岡県福岡市博多区東比恵1-4-5
東武霞ヶ関店,松屋　東武霞ヶ関店,埼玉県川越市霞ヶ関東1-2-22
東武練馬店,松屋　東武練馬店,東京都板橋区徳丸3-1-26大川ビル1F
東伏見店,松屋　東伏見店,東京都西東京市東伏見2-4-6高橋イーストビル
東陽町店,松屋　東陽町店,東京都江東区東陽4-2-5
東淀川菅原店,松屋　Ｒ東淀川菅原店,大阪府大阪市東淀川区菅原2-7-9
藤沢石川店,松屋　Ｒ藤沢石川店,神奈川県藤沢市石川2-1-1セレーノ湘南1F
藤沢南口店,松屋　藤沢南口店,神奈川県藤沢市南藤沢2-10ワカバビル1F
藤沢北口店,松屋　藤沢北口店,神奈川県藤沢市藤沢462番地吉塚ビル1Ｆ
徳島常三島店,松屋　Ｒ徳島常三島店,徳島県徳島市北常三島町2-52-1
奈良駅前店,松屋　Ｒ奈良駅前店,奈良県奈良市三条本町3番8号
奈良三条大路店,松屋　Ｒ奈良三条大路店,奈良県奈良市三条大路3-2-21
南茨木店,松屋　南茨木店,大阪府茨木市沢良宜西1-2-20
南浦和店,松屋　南浦和店,埼玉県さいたま市南区南浦和2-36-16田中ビル
南越谷店,松屋　南越谷店,埼玉県越谷市南越谷1-19-8吉澤第一ビル1F
南海難波店,松屋　南海難波店,大阪府大阪市中央区難波4-4-6 1F､2F
南郷通店,松屋　Ｒ南郷通店,北海道札幌市白石区南郷通9丁目南5-10
南行徳店,松屋　南行徳店,千葉県市川市相之川4-17-2メトロセンター南行徳
南砂町店,松屋　南砂町店,東京都江東区南砂7-4-6
南森町駅前店,松屋　南森町駅前店,大阪府大阪市北区天神橋2丁目北1-3
南青山店,松屋　南青山店,東京都港区南青山2-22-1
南千住店,松屋　南千住店,東京都荒川区南千住7-1-1アクレスティ南千住Ｍ2-201
南大沢店,松屋　南大沢店,東京都八王子市南大沢2丁目29番地
南巽店,松屋　南巽店,大阪府大阪市生野区巽中4-18-13
南池袋店,松屋　南池袋店,東京都豊島区南池袋1-18-23ルックハイツ池袋B棟
南津守店,松屋　Ｒ南津守店,大阪府大阪市西成区南津守6-6-46
南柏店,松屋　南柏店,千葉県柏市南柏1-2-4エコロジースクエア南柏
南方店,松屋　南方店,大阪府大阪市淀川区西中島3-17-2
南林間店,松屋　南林間店,神奈川県大和市南林間1-8-1
難波千日前店,松屋　難波千日前店,大阪府大阪市中央区難波千日前14-14
二俣川店,松屋　二俣川店,神奈川県横浜市旭区二俣川1-45-18東新ビル
二又瀬店,松屋　Ｒ二又瀬店,福岡県福岡市東区二又瀬15-10
尼崎アマドゥ店,松屋　Ｒ尼崎アマドゥ店,兵庫県尼崎市道意町7-1
尼崎潮江店,松屋　尼崎潮江店,兵庫県尼崎市潮江1-27-15
尼崎店,松屋　尼崎店,兵庫県尼崎市神田中通2-17
廿日市店,松屋　廿日市店,広島県廿日市市串戸1-4856-1
日吉店,松屋　日吉店,神奈川県横浜市港北区日吉本町1-20-2ティーエムビル1F
日暮里店,松屋　日暮里店,東京都荒川区西日暮里2-25-1-307
日本橋店,松屋　日本橋店,大阪府大阪市中央区日本橋1-3-2日本橋コウジィアパートメント
日野三沢店,松屋　Ｒ日野三沢店,東京都日野市三沢1-19-2
日野神明店,松屋　Ｒ日野神明店,東京都日野市神明2-1-1
日野店,松屋　日野店,東京都日野市大坂上1-30-24
日立桜川町店,松屋　Ｒ日立桜川町店,茨城県日立市桜川町2-4-12
入間店,松屋　Ｒ入間店,埼玉県入間市宮寺3186-9
入間東藤沢店,松屋　Ｒ入間東藤沢店,埼玉県入間市東藤沢4-2-17
入谷店,松屋　入谷店,東京都台東区北上野2-31-6スプリーム･北上野1Ｆ
韮崎店,松屋　Ｒ韮崎店,山梨県韮崎市若宮2丁目12-20ライフガーデンにらさき
納屋橋店,松屋　納屋橋店,愛知県名古屋市中村区名駅南1-3-14石原ビル1F
播磨町店,松屋　Ｒ播磨町店,兵庫県加古郡播磨町南大中3-3-28
馬橋店,松屋　馬橋店,千葉県松戸市馬橋117-1田口ビル
馬喰町店,松屋　馬喰町店,東京都中央区日本橋馬喰町1-5-11ラスパイユビル1F
梅ヶ丘店,松屋　梅ヶ丘店,東京都世田谷区梅丘1-33-9
梅屋敷店,松屋　梅屋敷店,東京都大田区蒲田2-4-5スカイドムス
梅田角田町店,松屋　梅田角田町店,大阪府大阪市北区角田町6-5
梅田神山町店,松屋　梅田神山町店,大阪府大阪市北区神山町8-22梅電ビル
梅田店,松屋　梅田店,大阪府大阪市北区小松原町1-27エビスビル
買物公園通り店,松屋　買物公園通り店,北海道旭川市二条通8丁目左1号
博多駅前店,松屋　博多駅前店,福岡県福岡市博多区博多駅前3-30-29タイセイ第2ビル
柏崎店,松屋　Ｒ柏崎店,新潟県柏崎市東柳田23-3
柏中央町店,松屋　柏中央町店,千葉県柏市中央町2番8号柏大黒ビル
柏東口店,松屋　柏東口店,千葉県柏市柏1-5-14岩田ビル1.2F
白河店,松屋　Ｒ白河店,福島県西白河郡西郷村字豊作東1
白楽店,松屋　白楽店,神奈川県横浜市神奈川区白楽118
白山店,松屋　白山店,東京都文京区向丘1-9-23リーラ白山103
幡ヶ谷店,松屋　幡ヶ谷店,東京都渋谷区幡ヶ谷2-7-1
八王子店,松屋　八王子店,東京都八王子市旭町7-1豊栄ビル
八街店,松屋　Ｒ八街店,千葉県八街市八街ほ15街区1
八重洲店,松屋　八重洲店,東京都中央区八重洲1-6-5八重洲中央ビル1F
八千代台西口店,松屋　八千代台西口店,千葉県八千代市八千代台北1-11
八千代台東口店,松屋　八千代台東口店,千葉県八千代市八千代台東1-2-16
八幡黒崎店,松屋　Ｒ八幡黒崎店,福岡県北九州市八幡西区藤田1-2-13
八幡山店,松屋　八幡山店,東京都杉並区上高井戸1-8-22D.S八幡山1F
八尾店,松屋　Ｒ八尾店,大阪府八尾市志紀町南3-190
八尾本町店,松屋　Ｒ八尾本町店,大阪府八尾市本町2-8-19
半田店,松屋　Ｒ半田店,愛知県半田市宮本町6-216-7
反町店,松屋　反町店,神奈川県横浜市神奈川区松本町1-1-9ＭＫビル
板橋区役所前店,松屋　板橋区役所前店,東京都板橋区板橋2-61-11ホシカメビル1Ｆ
板橋桜川店,松屋　板橋桜川店,東京都板橋区桜川3-22-9ノイエルハイム桜川1Ｆ
板橋店,松屋　板橋店,東京都板橋区板橋1-50-1柏家ビル
板橋本町店,松屋　板橋本町店,東京都板橋区本町36-1バロール本町1F
板宿店,松屋　板宿店,兵庫県神戸市須磨区平田町2-2-2板宿稲岡ビル
飯田橋駅前店,松屋　飯田橋駅前店,東京都千代田区飯田橋4丁目9-10飯田橋第一ビル
飯能双柳店,松屋　Ｒ飯能双柳店,埼玉県飯能市双柳757-4
肥後橋店,松屋　肥後橋店,大阪府大阪市西区江戸堀江戸堀1-2-14肥後橋官報ビル
尾山台店,松屋　尾山台店,東京都世田谷区尾山台3-22-5岸谷ビル
尾張旭店,松屋　Ｒ尾張旭店,愛知県尾張旭市南原山町赤土324
彦根店,松屋　Ｒ彦根店,滋賀県彦根市東沼波町125-1
姫路リオス店,松屋　Ｒ姫路リオス店,兵庫県姫路市東郷町1454-3
姫路飾磨店,松屋　Ｒ姫路飾磨店,兵庫県姫路市飾磨区今在家1066
姫路店,松屋　姫路店,兵庫県姫路市駅前町352 1、2F
姫路南店,松屋　Ｒ姫路南店,兵庫県姫路市安田3-119
百万遍店,松屋　百万遍店,京都府京都市左京区吉田泉殿町1-87番地
氷川台店,松屋　氷川台店,東京都練馬区氷川台3-39-9
瓢箪山駅前店,松屋　瓢箪山駅前店,大阪府東大阪市本町15-15
浜寺店,松屋　Ｒ浜寺店,大阪府堺市西区浜寺船尾町西5-132-1
浜松高竜店,松屋　Ｒ浜松高竜店,静岡県浜松市中区寺島町字十王西244
浜田山店,松屋　浜田山店,東京都杉並区浜田山4-14-6
不動前店,松屋　不動前店,東京都品川区西五反田4-30-12福井ビル
富山下赤江店,松屋　Ｒ富山下赤江店,富山県富山市下赤江町1-1-69
富山掛尾店,松屋　Ｒ富山掛尾店,富山県富山市掛尾町259
富山田中町店,松屋　Ｒ富山田中町店,富山県富山市田中町4-18-43
富山婦中店,松屋　Ｒ富山婦中店,富山県富山市婦中町下轡田428-4
富士ラウンドワン店,松屋　Ｒ富士ラウンドワン店,静岡県富士市八代町4-23
富士吉田店,松屋　Ｒ富士吉田店,山梨県富士吉田市上吉田4203-3
富士宮店,松屋　Ｒ富士宮店,静岡県富士宮市中原町312
富士見台店,松屋　富士見台店,東京都練馬区貫井3-1-8
富田店,松屋　富田店,大阪府高槻市富田町1-6-3
布施店,松屋　布施店,大阪府東大阪市足代新町2-18
布施南店,松屋　Ｒ布施南店,大阪府東大阪市寿町3-10-19
布田店,松屋　布田店,東京都調布市布田2丁目47-2
浮間舟渡店,松屋　浮間舟渡店,東京都板橋区舟渡1-12
武庫川店,松屋　Ｒ武庫川店,兵庫県尼崎市稲葉荘1-14-5
武蔵浦和店,松屋　武蔵浦和店,埼玉県さいたま市南区沼影1-10-1ラムザタワー1Ｆ
武蔵関店,松屋　武蔵関店,東京都練馬区関町北2-27-13下田ビル１F
武蔵境店,松屋　武蔵境店,東京都武蔵野市境1-2-3
武蔵境南口店,松屋　武蔵境南口店,東京都武蔵野市境南町2-9-1ビジネスセンター山口ビル
武蔵小金井店,松屋　武蔵小金井店,東京都小金井市本町1-18-8桜並SHビル
武蔵小金井北口店,松屋　武蔵小金井北口店,東京都小金井市本町5-18-5太平ビル1Ｆ
武蔵小山店,松屋　武蔵小山店,東京都品川区小山3-25-15京屋商会貸店舗1F･2F
武蔵新城店,松屋　武蔵新城店,神奈川県川崎市中原区上新城2-10-15新城ロイヤルプラザ1F
武蔵新田店,松屋　武蔵新田店,東京都大田区矢口1-7-15イセモトビル
武蔵村山店,松屋　Ｒ武蔵村山店,東京都武蔵村山市学園3-37-2
福井御幸店,松屋　Ｒ福井御幸店,福井県福井市御幸4-20-8
福井大和田店,松屋　Ｒ福井大和田店,福井県福井市大和田町29字39
福山花園店,松屋　Ｒ福山花園店,広島県福山市花園町2-5-34
福山東店,松屋　Ｒ福山東店,広島県福山市東深津町3-23-8
福生志茂店,松屋　福生志茂店,東京都福生市志茂36-4
福生店,松屋　福生店,東京都福生市東町3-10栄和ビル1Ｆ
淵野辺店,松屋　Ｒ淵野辺店,神奈川県相模原市中央区鹿沼台2-18-6
淵野辺北口店,松屋　淵野辺北口店,神奈川県相模原市中央区淵野辺3-19-9
分倍河原店,松屋　分倍河原店,東京都府中市片町2-22-1山ニビル
平井店,松屋　平井店,東京都江戸川区平井4-11-3サンライズ･エンドウ２
平間店,松屋　平間店,神奈川県川崎市中原区北谷町8
平針駅前店,松屋　Ｒ平針駅前店,愛知県名古屋市天白区平針3-7-11
平塚店,松屋　平塚店,神奈川県平塚市紅谷町4-21F
平塚北金目店,松屋　Ｒ平塚北金目店,神奈川県平塚市北金目2-4-33
平和台店,松屋　平和台店,東京都練馬区早宮2-17-39ミリオンアネックス平和台
平和島店,松屋　平和島店,東京都大田区大森北6-13-10島田ビル
保谷店,松屋　保谷店,東京都西東京市東町3-14-26マイティビル1F
保土ヶ谷店,松屋　保土ヶ谷店,神奈川県横浜市保土ケ谷区岩井町4
宝塚旭町店,松屋　Ｒ宝塚旭町店,兵庫県宝塚市旭町3-20-5
宝塚安倉店,松屋　Ｒ宝塚安倉店,兵庫県宝塚市安倉南2丁目2-21
放出店,松屋　放出店,大阪府大阪市鶴見区今津南1-7-29
方南町店,松屋　方南町店,東京都杉並区方南2-18-10
豊橋つつじが丘店,松屋　Ｒ豊橋つつじが丘店,愛知県豊橋市つつじが丘1-6-10
豊橋藤沢町店,松屋　Ｒ豊橋藤沢町店,愛知県豊橋市藤沢町138番
豊山店,松屋　Ｒ豊山店,愛知県西春日井郡豊山町大字豊場字栄81
豊洲ＩＨＩビル店,松屋　豊洲ＩＨＩビル店,東京都江東区豊洲3-1-1豊洲IHIビル107区
豊中上津島店,松屋　Ｒ豊中上津島店,大阪府豊中市上津島3-11-25
豊田山之手店,松屋　Ｒ豊田山之手店,愛知県豊田市山之手6-70
豊田十塚店,松屋　Ｒ豊田十塚店,愛知県豊田市十塚町4-23-1
豊田店,松屋　豊田店,東京都日野市多摩平1-2-18第1ビル1F
豊田東新町店,松屋　Ｒ豊田東新町店,愛知県豊田市東新町5-20-1
豊島園店,松屋　豊島園店,東京都練馬区練馬4-15-23パークサイドハイツ
豊明店,松屋　Ｒ豊明店,愛知県豊明市西川町島原8-7
北２４条店,松屋　北２４条店,北海道札幌市北区北23条西4-2-41
北４４条店,松屋　Ｒ北４４条店,北海道札幌市東区北44条東1-1-30
北綾瀬店,松屋　Ｒ北綾瀬店,東京都足立区加平1-22-11
北浦和店,松屋　北浦和店,埼玉県さいたま市浦和区北浦和4-3-8USビル1F
北浦和東口店,松屋　北浦和東口店,埼玉県さいたま市浦和区北浦和3-2-8
北越谷店,松屋　北越谷店,埼玉県越谷市大沢3-4-26Ｆｉｎｅ北越谷
北習志野店,松屋　北習志野店,千葉県船橋市習志野台2-6-1小林ビル
北小金店,松屋　Ｒ北小金店,千葉県松戸市小金きよしヶ丘3-20-5
北松戸店,松屋　北松戸店,千葉県松戸市上本郷904-6堀ビル1F
北赤羽店,松屋　北赤羽店,東京都北区浮間3-1-38近藤ビル
北千住店,松屋　北千住店,東京都足立区千住2-61
北方町店,松屋　Ｒ北方町店,岐阜県本巣郡北方町高屋伊勢田2-74-1
北本店,松屋　Ｒ北本店,埼玉県北本市深井6-151
北野店,松屋　北野店,東京都八王子市北野町546-2横溝ビル
堀切菖蒲園店,松屋　堀切菖蒲園店,東京都葛飾区堀切4-10-2
堀川丸太町店,松屋　堀川丸太町店,京都府京都市中京区丸太町堀川東入丸太町15タスキービル
堀田店,松屋　Ｒ堀田店,愛知県名古屋市瑞穂区明前町11-6
本郷三丁目店,松屋　本郷三丁目店,東京都文京区本郷2-27-16大学三丁目ビル1F
本厚木店,松屋　本厚木店,神奈川県厚木市中町2-4-16トキワヤビル1F
本所吾妻橋店,松屋　本所吾妻橋店,東京都墨田区吾妻橋3-7-4ライオンズマンション吾妻橋
本川越店,松屋　本川越店,埼玉県川越市新富町2-33-1
本内店,松屋　Ｒ本内店,福島県福島市本内字松川畑2-2
本八幡店,松屋　本八幡店,千葉県市川市八幡2-5-6
本八幡南口店,松屋　本八幡南口店,千葉県市川市南八幡4-6-7
本蓮沼店,松屋　本蓮沼店,東京都板橋区泉町6番11号
麻溝台店,松屋　麻溝台店,神奈川県相模原市南区麻溝台1-5-6
麻生店,松屋　麻生店,北海道札幌市北区北40条西4-2-5
麻布台１丁目店,松屋　麻布台１丁目店,東京都港区麻布台1丁目9-10飯倉ＩＴビル
枚方店,松屋　枚方店,大阪府枚方市岡東町5-24
幕張本郷１丁目店,松屋　幕張本郷１丁目店,千葉県千葉市花見川区幕張本郷1-3-1
末広街道店,松屋　Ｒ末広街道店,千葉県千葉市中央区末広2-3-4
箕面店,松屋　Ｒ箕面店,大阪府箕面市半町3-14-20
箕輪町店,松屋　Ｒ箕輪町店,長野県上伊那郡箕輪町三日町947-1
妙典店,松屋　妙典店,千葉県市川市妙典4-2-12マーヴ妙典
名駅西店,松屋　名駅西店,愛知県名古屋市中村区亀島2-12-1
名古屋競馬場前店,松屋　Ｒ名古屋競馬場前店,愛知県名古屋市港区川西通4-12
明大前店,松屋　明大前店,東京都世田谷区松原1-36-7明大前ビル2F
姪浜店,松屋　Ｒ姪浜店,福岡県福岡市西区内浜1-7-5ウエストコート姪浜内
茂原店,松屋　Ｒ茂原店,千葉県茂原市道表2-12
木更津店,松屋　Ｒ木更津店,千葉県木更津市太田4丁目15-5
目黒東口店,松屋　目黒東口店,東京都品川区上大崎2-15-18目黒東豊ビル
目白店,松屋　目白店,東京都豊島区目白3-5-13目白フジヤマビル1F
門真店,松屋　Ｒ門真店,大阪府門真市下島町30-13
門前仲町店,松屋　門前仲町店,東京都江東区門前仲町1-7-13
野火止店,松屋　Ｒ野火止店,埼玉県新座市野火止4-7-29
野並店,松屋　Ｒ野並店,愛知県名古屋市緑区鳴海町字杜若7-1
野方店,松屋　野方店,東京都中野区野方5-30-11 2F
矢向店,松屋　矢向店,神奈川県横浜市鶴見区鶴見区矢向6-5-8
祐天寺店,松屋　祐天寺店,東京都目黒区祐天寺2-2-7青埜ビル1F
与野駅前店,松屋　与野駅前店,埼玉県さいたま市浦和区上木崎1-4-2
与野店,松屋　Ｒ与野店,埼玉県さいたま市中央区上峰4-14-12
用賀店,松屋　用賀店,東京都世田谷区用賀2-38-14
踊場店,松屋　Ｒ踊場店,神奈川県横浜市泉区中田南1-2-12
淀屋橋店,松屋　淀屋橋店,大阪府大阪市中央区北浜3-2-25京阪淀屋橋ビル
落合店,松屋　落合店,東京都新宿区上落合3-9-1北村ビル
里塚店,松屋　Ｒ里塚店,北海道札幌市清田区里塚一条4-316-4
立会川店,松屋　立会川店,東京都品川区東大井2丁目24-11織戸ビル
立川錦町店,松屋　立川錦町店,東京都立川市錦町2-1-3立川電業ビル
立川柴崎町店,松屋　Ｒ立川柴崎町店,東京都立川市柴崎町6-10-8
立川曙橋店,松屋　立川曙橋店,東京都立川市曙町2-10-10緑川ビル1.2Ｆ
立川店,松屋　立川店,東京都立川市曙町2-12-15立川金水ビル1F
立川北口店,松屋　立川北口店,東京都立川市曙町2丁目3番地3
立命館大前店,松屋　Ｒ立命館大前店,京都府京都市北区平野宮西町117-3
両国店,松屋　両国店,東京都墨田区横網1-3-8
鈴鹿中央通店,松屋　Ｒ鈴鹿中央通店,三重県鈴鹿市算所2-2-7
鈴鹿店,松屋　Ｒ鈴鹿店,三重県鈴鹿市南玉垣町3006-1
練馬店,松屋　練馬店,東京都練馬区豊玉北5-18-11
蓮根店,松屋　蓮根店,東京都板橋区蓮根2丁目31-3萩原ビル
蓮田関山店,松屋　Ｒ蓮田関山店,埼玉県蓮田市関山2-7-7
蓮田店,松屋　蓮田店,埼玉県蓮田市東5-2-9NKB2ビル1F
六甲道店,松屋　六甲道店,兵庫県神戸市灘区備後町3丁目2-16タウンコート六甲
六地蔵店,松屋　Ｒ六地蔵店,京都府京都市伏見区桃山町西尾10番1
六本木４丁目店,松屋　六本木４丁目店,東京都港区六本木4-11-11
和歌山向店,松屋　Ｒ和歌山向店,和歌山県和歌山市向220-3
和光市駅前店,松屋　和光市駅前店,埼玉県和光市本町3-2ステイパルビル
和光白子店,松屋　Ｒ和光白子店,埼玉県和光市白子1-7-12
和泉店,松屋　Ｒ和泉店,大阪府和泉市富秋町3-2-36
蕨店,松屋　蕨店,埼玉県蕨市塚越1-4-4ラ.セーヌ1F
蕨北町店,松屋　Ｒ蕨北町店,埼玉県蕨市北町5-4-5
糀谷店,松屋　糀谷店,東京都大田区西糀谷4-14-12
茗荷谷店,松屋　茗荷谷店,東京都文京区小日向4-6-23パレスビル
