すき家 22号一宮浅野店,愛知県一宮市浅野字土井ノ内117-1,1100
すき家 阿波吉野店,徳島県阿波市吉野町柿原153-1,1020
すき家 いわき平店,福島県いわき市平谷川瀬一丁目5-7,1050
すき家 足利芳町店,栃木県足利市芳町57-1,1070
すき家 津山小田中店,岡山県津山市小田中1309-10,1050
すき家 大崎シンクパーク店,東京都品川区大崎2丁目1-1シンクパークタワー1F,1500
すき家 日ノ出町駅前店,神奈川県横浜市中区日ノ出町1-51日ノ出町サクアス1階,1200
すき家 7号村上店,新潟県村上市村上字牛沢22-1,1200
すき家 28号南あわじ店,兵庫県南あわじ市市福永字大道ノ上695-4の一部、695-1,1350
すき家 鹿沼栄町店,栃木県鹿沼市栄町1丁目35-16,1200
すき家 なんば千日前店,大阪府大阪市中央区難波千日前11-20遊企画ビル1階,1200
すき家 長崎滑石店,長崎県長崎市大園町5-1,950
すき家 190号宇部西岐波店,山口県宇部市大字西岐波4165-1,970
すき家 11号三豊高瀬店,香川県三豊市高瀬町下勝間2550-1,1050
すき家 13号新庄店,山形県新庄市金沢704-1,1010
すき家 9号江津店,島根県江津市二宮町神主ハ200-2,1100
すき家 つがる柏店,青森県つがる市柏稲盛幾世121-1,980
すき家 124号神栖木崎店,茨城県神栖市木崎2848-1,1100
すき家 13号大仙大曲店,秋田県大仙市大曲戸巻町484-1,980
すき家 東武谷塚駅前店,埼玉県草加市谷塚1-1-22,1130
すき家 136号伊豆の国大仁店,静岡県伊豆の国市吉田363-4,1120
すき家 伊達保原店,福島県伊達市保原町字市柳町7-1,980
すき家 56号宿毛店,高知県宿毛市宿毛1761-1,1000
すき家 甲州塩山店,山梨県甲州市塩山下於曽1559-1,1030
すき家 7号酒田こあら店,山形県酒田市こあら二丁目1-1,1100
すき家 下関稗田西町店,山口県下関市稗田西町10-13,1000
すき家 袋井川井店,静岡県袋井市川井字杉ノ木996-2,1100
すき家 滑川柳原店,富山県滑川市柳原59-14,1080
すき家 160号氷見窪店,富山県氷見市窪841-1,1050
すき家 熊本武蔵ケ丘店,熊本県熊本市北区武蔵ケ丘一丁目4-17,960
すき家 水戸河和田店,茨城県水戸市河和田１丁目1704番14-13,1050
すき家 20号甲府向町店,山梨県甲府市向町729-1,1070
すき家 8号見附店,新潟県見附市今町四丁目9番34-1号,1000
すき家 高幡不動駅店,東京都日野市高幡116-10京王高幡SC1階A106号区画,1150
すき家 太田尾島店,群馬県太田市阿久津町113-1,1050
すき家 下北沢店,東京都世田谷区北沢2丁目12-7大町ビル,1250
すき家 105号由利本荘店,秋田県由利本荘市御門228-1,950
すき家 125号下妻店,茨城県下妻市下妻戊111-1,1100
すき家 瀬戸内邑久店,岡山県瀬戸内市邑久町豊原90-3,1000
すき家 254号富岡店,群馬県富岡市富岡2364-5,1050
すき家 4号紫波店,岩手県紫波郡紫波町桜町字浦田14-1,930
すき家 桶川加納店,埼玉県桶川市加納2149-1,1100
すき家 羽生店,埼玉県羽生市南6丁目21-2,1100
すき家 282号八幡平店,岩手県八幡平市大更第18地割88-12,950
すき家 409号八街店,千葉県八街市八街ほ26-1,1080
すき家 相模原田名店,神奈川県相模原市中央区田名4679-10,1130
すき家 296号多古店,千葉県香取郡多古町多古1534-1,1100
すき家 京成船橋駅前店,千葉県船橋市本町一丁目9-9パークタワー船橋1階104号,1200
すき家 保土ヶ谷今井店,神奈川県横浜市保土ヶ谷区今井町600-1,1230
すき家 品川シーサイド店,東京都品川区東品川4-12-4品川シーサイドパークタワー1階,1400
すき家 岡山瀬戸店,岡山県岡山市東区瀬戸町沖120-1,980
すき家 登別新生町店,北海道登別市新生町4-16-4,1000
すき家 川崎今井店,神奈川県川崎市中原区今井西町1-56,1280
すき家 ９号亀岡篠町店,京都府亀岡市篠町野条上又13-1,1050
すき家 松戸秋山店,千葉県松戸市秋山1-8-8,1120
すき家 小牧駅西店,愛知県小牧市小牧3丁目86-1,1100
すき家 4号福島黒岩店,福島県福島市黒岩堂之後55-1,980
すき家 南港ATC店,大阪府大阪市住之江区南港北2-1-10O&#x27;s215区画,1200
すき家 12号美唄店,北海道美唄市大通東一条南6丁目1-1,1000
すき家 新潟巻店,新潟県新潟市西蒲区巻甲4438-4,1000
すき家 1国横浜久保店,神奈川県横浜市西区久保町1-32,1200
すき家 戸塚上倉田店,神奈川県横浜市戸塚区上倉田町1465-1,1200
すき家 札幌桑園店,北海道札幌市中央区北十一条西20丁目1-10,1020
すき家 中標津店,北海道標津郡中標津町東6条南11-1-2,1080
すき家 小倉北西港店,福岡県北九州市小倉北区西港町15-70,1000
すき家 56号高知大原町店,高知県高知市大原町101-1,1000
すき家 塩竈北浜店,宮城県塩竈市北浜1-13-30,980
すき家 平塚松風店,神奈川県平塚市松風町11-20,1130
すき家 3号鹿児島草牟田店,鹿児島県鹿児島市草牟田町3-1,980
すき家 159号かほく店,石川県かほく市内日角6-1-1,1050
すき家 150号牧之原店,静岡県牧之原市静波2161-1,1080
すき家 三河島駅前店,東京都荒川区東日暮里6-1-1ｱﾄﾗｽﾌﾞﾗﾝｽﾞﾀﾜｰ三河島1F,1250
すき家 豊見城名嘉地店,沖縄県豊見城市名嘉地277-2,980
すき家 3号いちき串木野店,鹿児島県いちき串木野市浜ケ城12283-2,970
すき家 豊中曽根店,大阪府豊中市曽根南町3-19-24,1100
すき家 立山利田店,富山県中新川郡立山町利田629-1,1080
すき家 うるま石川店,沖縄県うるま市石川2-11-1,1000
すき家 486号備後府中店,広島県府中市高木町本堀田643-1,1000
すき家 宇都宮平松店,栃木県宇都宮市平松本町1223-12,1050
すき家 34号小城三日月店,佐賀県小城市三日月町金田1101-1,980
すき家 松原南新町店,大阪府松原市南新町4-107-17,1100
すき家 2国福山引野店,広島県福山市引野町5-19-30,1000
すき家 11号東かがわ店,香川県東かがわ市白鳥字田高田131-1,1050
すき家 東根店,山形県東根市中央南2-8-20,1000
すき家 広島新天地店,広島県広島市中区新天地5-3ﾄﾞﾝ･ｷﾎｰﾃ１F,1080
すき家 取手中央タウン店,茨城県取手市西1-31-29,1050
すき家 202号伊万里店,佐賀県伊万里市二里町大里乙102-1,970
すき家 296号酒々井店,千葉県印旛郡酒々井町上本佐倉193-1,1100
すき家 福崎店,兵庫県神崎郡福崎町南田原字ﾊﾂｸﾞﾛ2970-1,1050
すき家 伊勢西IC店,三重県伊勢市勢田町419-6,1100
すき家 フォレストモール富士川店,山梨県南巨摩郡富士川町青柳町973-1,1070
すき家 東近江能登川店,滋賀県東近江市垣見町523-1,1050
すき家 川崎新川通り店,神奈川県川崎市川崎区渡田1-17-5石田ﾋﾞﾙ1F,1250
すき家 210号うきは店,福岡県うきは市吉井町清瀬515-2,980
すき家 近鉄奈良駅前店,奈良県奈良市中筋町6-1奈良ﾗｲﾝﾊｳｽ1F,1050
すき家 地下鉄弘明寺駅前店,神奈川県横浜市南区大岡2-3-1,1200
すき家 藤が丘駅前店,神奈川県横浜市青葉区藤が丘2-5-1,1200
すき家 水戸柳町店,茨城県水戸市柳町1-1-8,1050
すき家 313号真庭店,岡山県真庭市惣146-1,1100
すき家 4号本宮店,福島県本宮市本宮字南ノ内34-7,980
すき家 51号水戸大洗IC店,茨城県水戸市大串町965-3,1050
すき家 長田浜添通店,兵庫県神戸市長田区浜添通6-1-25,1080
すき家 札幌石山通南一条店,北海道札幌市中央区南1条西11-327-27ｼﾞｭﾋﾟﾀｰﾌﾟﾚｲｽ1F,1020
すき家 170号羽曳野西浦店,大阪府羽曳野市西浦3-2-1,1100
すき家 9号浜田店,島根県浜田市熱田町1418-1,1050
すき家 大倉山駅前店,神奈川県横浜市港北区大倉山1-17-4秋本庄次ﾋﾞﾙ1F,1180
すき家 4号仙台郡山店,宮城県仙台市太白区郡山字出丸1-1,1000
すき家 10号延岡別府町店,宮崎県延岡市別府町3895-1,980
すき家 広島西風新都店,広島県広島市佐伯区石内北一丁目3-36,1000
すき家 松山道後樋又店,愛媛県松山市道後樋又11-20,950
すき家 高岡中曽根店,富山県高岡市中曽根290-3,1080
すき家 イオンモール浦和美園店,埼玉県さいたま市緑区美園5-50-1ｲｵﾝﾓｰﾙ浦和美園3Fﾌｰﾄﾞｺｰﾄ,1150
すき家 鈴鹿ＩＣ店,三重県鈴鹿市伊船町1910-1,1100
すき家 目黒三丁目店,東京都目黒区目黒3-9-3目黒パークスクエア102号室,1300
すき家 113号角田店,宮城県角田市角田字扇町5-5,980
すき家 9号大田店,島根県大田市長久町土江103-3,1100
すき家 56号須崎店,高知県須崎市神田2503-1,1020
すき家 254号本庄児玉店,埼玉県本庄市児玉町吉田林397-3,1110
すき家 大船渡赤崎店,岩手県大船渡市赤崎町字諏訪前38-5,1100
すき家 156号砺波店,富山県砺波市新又135-1,1100
すき家 摂津南別府店,大阪府摂津市南別府町3-19,1120
すき家 瑞穂牛巻店,愛知県名古屋市瑞穂区牛巻町8-11,1100
すき家 2国尼崎杭瀬店,兵庫県尼崎市杭瀬北新町3-2-18,1080
すき家 4号金ヶ崎店,岩手県胆沢郡金ヶ崎町三ケ尻荒巻159-1,980
すき家 407号熊谷弥藤吾店,埼玉県熊谷市弥藤吾1519-2,1080
すき家 宮崎新別府店,宮崎県宮崎市新別府町山宮986-6,1030
すき家 21号岐阜各務原IC店,岐阜県各務原市那加緑町1-24-1,1080
すき家 57号大津店,熊本県菊池郡大津町大字大津1302-1,1000
すき家 121号喜多方店,福島県喜多方市関柴町上高額字前田1737-16,980
すき家 36号苫小牧日吉店,北海道苫小牧市日吉町1-1-5,1020
すき家 平野町一丁目店,大阪府大阪市中央区平野町1-8-11ﾙｰﾄ北浜ﾋﾞﾙ1F,1200
すき家 23号豊橋花田店,愛知県豊橋市花田町字荒木37-1,1080
すき家 387号合志店,熊本県合志市御代志1736-4,970
すき家 9号福知山店,京都府福知山市駅南町3-139,1100
すき家 稲毛駅西口店,千葉県千葉市稲毛区稲毛東3-19-18能瀬ﾋﾞﾙ1F,1100
すき家 広島丹那店,広島県広島市南区丹那町5-10,1100
すき家 釧路桜ヶ岡店,北海道釧路市桜ヶ岡1-9-21,1000
すき家 淀川加島店,大阪府大阪市淀川区加島2-3-4,1120
すき家 川崎西生田店,神奈川県川崎市多摩区西生田2-7-23,1140
すき家 217号臼杵店,大分県臼杵市市浜1128-1,980
すき家 大阪港駅前店,大阪府大阪市港区築港3-6-13,1200
すき家 34号武雄店,佐賀県武雄市武雄町昭和795-1,970
すき家 宝塚小林店,兵庫県宝塚市小林5-9-100,1050
すき家 309号堺黒山店,大阪府堺市美原区黒山168-1,1120
すき家 御徒町駅南口店,東京都台東区上野5-27-2,1300
すき家 西都右松店,宮崎県西都市右松3-33,970
すき家 大鳥居店,東京都大田区西糀谷3-21-2,1300
すき家 50号桐生広沢店,群馬県桐生市広沢町三丁目字反町4023-2,1070
すき家 135号熱海店,静岡県熱海市下多賀572-2,1030
すき家 本川越クレアモール店,埼玉県川越市新富町1-19-4本川越ASﾋﾞﾙ1F,1070
すき家 千歳船橋駅前店,東京都世田谷区船橋1-9-24千歳船橋振興組合会館1F,1250
すき家 222号日南店,宮崎県日南市中央通1-11-23,1000
すき家 283号遠野店,岩手県遠野市早瀬町4-7-36,970
すき家 うるま安慶名店,沖縄県うるま市安慶名1-4-10,960
すき家 港北小机店,神奈川県横浜市港北区小机町78-1,1250
すき家 八尾南木の本店,大阪府八尾市南木の本4-101-1,1100
すき家 34号吉野ヶ里店,佐賀県神埼郡吉野ヶ里町田手1678-16,970
すき家 165号久居IC店,三重県津市久居北口町47-6,1050
すき家 江戸川興宮店,東京都江戸川区興宮町33-17,1210
すき家 4号滝沢店,岩手県滝沢市巣子109-2,920
すき家 八潮西袋店,埼玉県八潮市西袋1030-1,1100
すき家 熊本野中店,熊本県熊本市西区野中1-6-12,1000
すき家 202号唐津鏡店,佐賀県唐津市鏡4664-1,970
すき家 犬山五郎丸店,愛知県犬山市五郎丸東3-7-1,1080
すき家 平塚豊田店,神奈川県平塚市豊田本郷1740-1,1150
すき家 407号鶴ヶ島IC店,埼玉県鶴ヶ島市脚折町5-5-40,1080
すき家 312号姫路砥堀店,兵庫県姫路市砥堀350-2,1120
すき家 佐倉石川店,千葉県佐倉市石川535-6,1100
すき家 4号二戸店,岩手県二戸市米沢字下村6-1,960
すき家 今池店,愛知県名古屋市千種区今池5-22-16,1120
すき家 bono相模大野店,神奈川県相模原市南区相模大野3-3-2-203bono相模大野,1140
すき家 ポルカ高梁店,岡山県高梁市中原町1079-1,950
すき家 港区甚兵衛通店,愛知県名古屋市港区甚兵衛通2-24-1,1150
すき家 船橋日大前店,千葉県船橋市坪井東1-2-38,1080
すき家 鶴瀬駅西口店,埼玉県富士見市鶴馬2602-2鶴瀬駅西口ﾋﾞﾙ1F,1080
すき家 54号広島IC店,広島県広島市安佐南区緑井5-19-36,1000
すき家 13号尾花沢店,山形県尾花沢市大字尾花沢下新田1731-2,950
すき家 中葛西店,東京都江戸川区中葛西6-1-10ﾒｿﾞﾝﾄﾞ佐久間Ⅱ,1250
すき家 イオン東雲店,東京都江東区東雲1-9-10ｲｵﾝ東雲店2Fﾌｰﾄﾞｺｰﾄ内,1300
すき家 117号飯山店,長野県飯山市静間2085-1,1100
すき家 10号高鍋店,宮崎県児湯郡高鍋町大字北高鍋2970-1,950
すき家 大森ベルポート店,東京都品川区南大井6-26-3大森ﾍﾞﾙﾎﾟｰﾄD館1F,1300
すき家 阪急茨木市駅前店,大阪府茨木市双葉町8-1奥村ビル1F,1100
すき家 191号益田店,島根県益田市あけぼの西町13-1,1100
すき家 相模大野駅南口店,神奈川県相模原市南区相模大野8-2-6第一島ﾋﾞﾙ1F,1140
すき家 宝塚中筋店,兵庫県宝塚市中筋6-13-22,1050
すき家 大森駅西口店,東京都大田区山王2-4-4,1300
すき家 船堀駅前店,東京都江戸川区船堀3-5-7船堀駅前ﾄｷﾋﾞﾙ1F,1210
すき家 鹿児島宇宿店,鹿児島県鹿児島市宇宿6-22-1,970
すき家 2国岩国室の木店,山口県岩国市室の木町1-8-38,1050
すき家 本八幡駅南口店,千葉県市川市南八幡4-6-2高橋ﾋﾞﾙ1F,1200
すき家 2国下関長府店,山口県下関市長府松小田本町24-6,1050
すき家 永福町駅前店,東京都杉並区永福2-51-13,1200
すき家 市原能満店,千葉県市原市能満4-8,1100
すき家 加須南大桑店,埼玉県加須市南大桑2877-1,1080
すき家 上池袋二丁目店,東京都豊島区上池袋2-40-10ﾆｭｰｷｬｯｽﾙ上池袋1F,1300
すき家 札幌駅前通北一条店,北海道札幌市中央区北1条西3-2-5北尾ﾋﾞﾙ1F,1020
すき家 202号糸島前原店,福岡県糸島市前原東1-6-13,980
すき家 188号柳井店,山口県柳井市南町3-7-1,1000
すき家 住吉遠里小野店,大阪府大阪市住吉区遠里小野2-10-30,1100
すき家 44号根室店,北海道根室市西浜町8-92-1,1020
すき家 500号小郡店,福岡県小郡市小郡字江下1483-4,1000
すき家 イトーヨーカドー三郷店,埼玉県三郷市ﾋﾟｱﾗｼﾃｨ1-1-1ｲﾄｰﾖｰｶﾄﾞｰ三郷1F,1100
すき家 長岡天神駅前店,京都府長岡京市天神1-1-2ﾏﾙｵｶﾋﾞﾙ1F,1080
すき家 153号飯田IC店,長野県飯田市上殿岡576-1,1220
すき家 125号久喜栗橋店,埼玉県久喜市栗橋1301-3,1150
すき家 58号読谷店,沖縄県中頭郡読谷村伊良皆661-1,1000
すき家 ノクティプラザ店,神奈川県川崎市高津区溝口1-4-1ﾉｸﾃｨﾌﾟﾗｻﾞ21Fﾌｰﾄﾞｺｰﾄ内,1280
すき家 東池袋五丁目店,東京都豊島区東池袋5-7-7金誠堂ﾋﾞﾙ1F,1300
すき家 ときわ台駅北口店,東京都板橋区常盤台2-6-5,1250
すき家 大森町駅前店,東京都大田区大森西3-25-7ｴｽﾄｼﾞｭｰﾙ大森町1F、2F,1300
すき家 福知山東野パーク店,京都府福知山市字土小字東野1117-594,1100
すき家 勝田台駅南店,千葉県八千代市勝田台1-37-8ｽﾌﾟﾘﾝｸﾞⅡ1F,1100
すき家 イオンモール柏店,千葉県柏市豊町2-5-25ｲｵﾝﾓｰﾙ柏2F,1120
すき家 36号千歳店,北海道千歳市新富1-19-4,1100
すき家 関平賀店,岐阜県関市市平賀字岩下394-1,1050
すき家 大井町一丁目店,東京都品川区大井1-16-2ブリリア大井町ラヴィアンタワ-1F,1300
すき家 富士見下南畑店,埼玉県富士見市下南畑字島崎5006-4,1100
すき家 4号栗原店,宮城県栗原市志波姫堀口宮中113-8,960
すき家 鶴見市場駅前店,神奈川県横浜市鶴見区市場大和町8-8戸川ﾋﾞﾙ1F,1250
すき家 南堀江店,大阪府大阪市西区南堀江2-1-1EG堀江ﾋﾞﾙ1F,1200
すき家 梅屋敷駅東店,東京都大田区東蒲田1-1-1ﾌﾟﾗﾑﾊﾟｰｸ嶋田1Ｆ,1300
すき家 西台駅西店,東京都板橋区高島平1-75-15高桐ﾏﾝｼｮﾝ1F,1250
すき家 二本松店,福島県二本松市松岡265-10,980
すき家 熊本新市街店,熊本県熊本市中央区新市街7-25第二新世界会館ﾋﾞﾙ1F,1000
すき家 草加八幡店,埼玉県草加市八幡町26-1,1100
すき家 川口末広店,埼玉県川口市末広1-19-3,1100
すき家 4号郡山安積店,福島県郡山市安積3-43,950
すき家 横浜笠間店,神奈川県横浜市栄区笠間5-33-26,1200
すき家 238号紋別店,北海道紋別市落石町4-13-13,1200
すき家 川口青木店,埼玉県川口市青木3-8-5,1100
すき家 45号おいらせ店,青森県上北郡おいらせ町菜飯52-4,980
すき家 渋谷二丁目店,東京都渋谷区渋谷2-12-13八千代ﾋﾞﾙ1F,1400
すき家 京王稲田堤駅前店,神奈川県川崎市多摩区菅3-1-1,1180
すき家 8号彦根野口店,滋賀県彦根市野口町277-2,1050
すき家 明石大久保IC店,兵庫県明石市大久保町大窪字大澤2700-1,1080
すき家 16号見沼深作店,埼玉県さいたま市見沼区深作2-29-14,1100
すき家 愛知大学店,愛知県名古屋市中村区平池町4-60-6,1200
すき家 220号志布志店,鹿児島県志布志市志布志町安楽123-21,1000
すき家 筑紫野永岡店,福岡県筑紫野市大字永岡169-1,950
すき家 一之江駅前店,東京都江戸川区一之江3-2-14,1210
すき家 追浜駅前店,神奈川県横須賀市追浜町3-8,1120
すき家 取手青柳店,茨城県取手市青柳132-1,1000
すき家 金沢増泉店,石川県金沢市増泉4-3-2,1050
すき家 千種鏡池通店,愛知県名古屋市千種区川崎町2-7,1120
すき家 札幌新道発寒店,北海道札幌市西区発寒12条1-2-30,1020
すき家 268号伊佐店,鹿児島県伊佐市大口里801-1,950
すき家 3号山鹿店,熊本県山鹿市大橋通401-2,970
すき家 183号三次店,広島県三次市十日市中1-1-10,1100
すき家 JR神戸駅北店,兵庫県神戸市中央区多聞通2-4-4神戸ﾌﾞｯｸﾛｰﾝﾋﾞﾙ東館1F,1100
すき家 イオンモール桑名店,三重県桑名市新西方1-22ｲｵﾝﾓｰﾙ桑名ｼｮｯﾋﾟﾝｸﾞｾﾝﾀｰ1番街1F,1100
すき家 亀戸駅北口店,東京都江東区亀戸2-22-10ｶﾄｳﾋﾞﾙ1F,1250
すき家 312号和田山IC店,兵庫県朝来市和田山町枚田592-1,1120
すき家 9号安来店,島根県安来市黒井田町452-17,980
すき家 摂津本山駅前店,兵庫県神戸市東灘区岡本1-3-33,1050
すき家 京成大久保駅前店,千葉県習志野市大久保1-21-14琴富ﾋﾞﾙ1F,1100
すき家 都島IC店,大阪府大阪市都島区高倉町3-14-27,1120
すき家 226号指宿店,鹿児島県指宿市西方2164-1,1000
すき家 247号西尾一色店,愛知県西尾市一色町味浜上浜47-1,1100
すき家 200号直方店,福岡県直方市大字頓野字縄手下3891-11,1000
すき家 新橋三丁目店,東京都港区新橋3-10-9ﾎﾃﾙ新橋三番館1F,1330
すき家 新宿ＮＳビル店,東京都新宿区西新宿2-4-1新宿NSﾋﾞﾙ1F,1350
すき家 4号福島松浪店,福島県福島市松浪町11-7,980
すき家 美馬脇町店,徳島県美馬市脇町大字猪尻字東分63-1,1020
すき家 53号岡山IC店,岡山県岡山市北区津島京町1-3-18,980
すき家 小手指駅北口店,埼玉県所沢市小手指町1-1-1,1080
すき家 宜野湾我如古店,沖縄県宜野湾市我如古4-7-3,1000
すき家 花小金井駅北口店,東京都小平市花小金井1-9-18花小金井第一ﾋﾞﾙ1F,1200
すき家 3号水俣店,熊本県水俣市百間町1-12-1,970
すき家 26号泉大津店,大阪府泉大津市北豊中町2-17-24,1100
すき家 高津末長店,神奈川県川崎市高津区末長2-11-18,1250
すき家 江古田駅前店,東京都練馬区旭丘1-71-7土井ﾋﾞﾙ1F,1250
すき家 北九州空港通り店,福岡県京都郡苅田町大字苅田3787-11,1050
すき家 武豊IC店,愛知県知多郡武豊町嶋田58-200,1080
すき家 深川店,北海道深川市三条18-25,1000
すき家 134号横須賀池田店,神奈川県横須賀市池田町5-14-12,1130
すき家 鵜の木駅前店,東京都大田区鵜の木2-15-2山口ﾋﾞﾙ1F,1300
すき家 松戸駅西口店,千葉県松戸市本町19-23宝星ﾋﾞﾙ1F,1080
すき家 270号南さつま店,鹿児島県南さつま市加世田本町13-5,1000
すき家 四街道IC店,千葉県四街道市栗山812-6,1100
すき家 269号宮崎清武店,宮崎県宮崎市清武町正手3-17-1,950
すき家 小金井中町店,東京都小金井市中町2-8-2,1200
すき家 イオンモール福津店,福岡県福津市日蒔野6-16-1ｲｵﾝﾓｰﾙ福津3F,1000
すき家 那覇曙店,沖縄県那覇市曙2-23-1,1000
すき家 三郷中央駅前店,埼玉県三郷市中央3-48-5,1150
すき家 枚方中宮東之町店,大阪府枚方市中宮東之町22-13,1100
すき家 足立西綾瀬店,東京都足立区西綾瀬3-11-13,1220
すき家 19号長野中御所店,長野県長野市中御所4-3-4,1100
すき家 笠間友部店,茨城県笠間市旭町427-2,1080
すき家 広島深川店,広島県広島市安佐北区深川6-2-12,980
すき家 209号筑後店,福岡県筑後市山ノ井346-3,980
すき家 25号王寺本町店,奈良県北葛城郡王寺町本町１-17-17,1000
すき家 16号袖ヶ浦神納店,千葉県袖ヶ浦市神納1154-1,1100
すき家 清水鳥坂店,静岡県静岡市清水区鳥坂1231-1,1080
すき家 新丸子駅東口店,神奈川県川崎市中原区新丸子東1-827ｸﾘｱ･ﾊｳｽ田中1F,1250
すき家 192号吉野川店,徳島県吉野川市鴨島町上下島字宮内87-8,1020
すき家 須坂墨坂店,長野県須坂市墨坂4-2-20,1050
すき家 船橋市場店,千葉県船橋市市場5-1-19,1150
すき家 東十条三丁目店,東京都北区東十条3-15-12ｼﾃｨﾊｲﾂ東十条103,1250
すき家 50号筑西蓮沼店,茨城県筑西市蓮沼1534-1,1050
すき家 十三駅西口店,大阪府大阪市淀川区十三本町1-7-1ｶﾈｲｼﾋﾞﾙ,1150
すき家 13号福島矢野目店,福島県福島市北矢野目字原田66-13,980
すき家 灘中郷店,兵庫県神戸市灘区中郷町3-2-13,1100
すき家 三鷹井口店,東京都三鷹市井口2-13-42,1250
すき家 函館鍛治店,北海道函館市鍛治2-9-11,1000
すき家 白岡岡泉店,埼玉県白岡市太田新井1187-4,1100
すき家 329号那覇古波蔵店,沖縄県那覇市古波蔵3-14-2,1000
すき家 朝霞駅南口店,埼玉県朝霞市本町2-3-18,1100
すき家 姫路継店,兵庫県姫路市継205-1,1080
すき家 横浜羽沢店,神奈川県横浜市神奈川区羽沢町1566-1,1250
すき家 16号春日部八丁目店,埼玉県春日部市八丁目1156-1,1120
すき家 丹南篠山口IC店,兵庫県丹波篠山市網掛字十ノ坪403-1,1100
すき家 東郷三ツ池店,愛知県愛知郡東郷町三ツ池2-3-5,1100
すき家 古河坂間店,茨城県古河市坂間253-178,1030
すき家 浜松志都呂店,静岡県浜松市中央区志都呂2-20-24,1100
すき家 練馬関町南店,東京都練馬区関町南1-11-2,1250
すき家 水道橋駅東口店,東京都千代田区神田三崎町1-4-26,1300
すき家 富田林小金台店,大阪府富田林市小金台1-3-10,1100
すき家 井ノ頭通り吉祥寺店,東京都武蔵野市吉祥寺南町3-33-3,1250
すき家 新宿御苑前駅店,東京都新宿区新宿1-19-7新花ビル1F,1330
すき家 231号留萌店,北海道留萌市旭町2-1-1,1000
すき家 ＪＲ尼崎駅北口店,兵庫県尼崎市潮江1-3-43,1100
すき家 西五反田一丁目店,東京都品川区西五反田1-24-4ﾀｷｹﾞﾝﾋﾞﾙ1F,1350
すき家 34号長崎矢上町店,長崎県長崎市矢上町52-2,970
すき家 豊田曙店,愛知県豊田市曙町2-81-1,1180
すき家 東神奈川駅東口店,神奈川県横浜市神奈川区東神奈川1-10-1ｻﾞ･ｽﾃｰｼｮﾝﾀﾜｰ東神奈川1F,1140
すき家 府中浅間店,東京都府中市浅間町4-19-1,1200
すき家 淀川通塚本店,大阪府大阪市淀川区塚本2-14-19,1120
すき家 中山駅南口店,神奈川県横浜市緑区台村町278-4石渡ﾌﾗﾜｰｾﾝﾀｰﾋﾞﾙ1F,1200
すき家 晴海二丁目店,東京都中央区晴海2-5-24晴海ｾﾝﾀｰﾋﾞﾙ1F,1300
すき家 寺田町駅前店,大阪府大阪市阿倍野区天王寺町北2-1-5,1150
すき家 台東下谷店,東京都台東区下谷3-19-8,1250
すき家 桜土浦IC店,茨城県つくば市下広岡字向山1055-321,1050
すき家 287号長井店,山形県長井市東町6-31,980
すき家 207号時津店,長崎県西彼杵郡時津町浜田郷627-1,970
すき家 和泉はつが野店,大阪府和泉市はつが野1-1-13,1120
すき家 236号帯広大通店,北海道帯広市大通南3-1-1,1100
すき家 川崎宿河原店,神奈川県川崎市多摩区宿河原4-2-2,1200
すき家 266号宇城松橋店,熊本県宇城市松橋町曲野133-4,1000
すき家 千川駅前店,東京都豊島区要町3-10-10,1250
すき家 天下茶屋駅前店,大阪府大阪市西成区岸里1-1-79とれび天下茶屋,1150
すき家 柏原片山店,大阪府柏原市片山町14-1,1100
すき家 名古屋栄生店,愛知県名古屋市西区栄生1-34-17,1120
すき家 渋谷南平台店,東京都渋谷区南平台町1-10いちご南平台ﾋﾞﾙ1F,1400
すき家 126号山武松尾店,千葉県山武市松尾町八田7-1,1100
すき家 1国岡崎栄町店,愛知県岡崎市栄町5-2-1,1100
すき家 北赤羽駅浮間口店,東京都北区浮間3-28-9,1250
すき家 セントラルパーク店,愛知県名古屋市中区錦3-15-13先ｾﾝﾄﾗﾙﾊﾟｰｸ地下街内,1230
すき家 桜新町駅前店,東京都世田谷区桜新町1-12-13第5吉田ﾋﾞﾙ1F,1300
すき家 那覇真嘉比店,沖縄県那覇市真嘉比3-15-16,1000
すき家 秋葉原駅岩本町店,東京都千代田区岩本町3-3-5秋葉原SHﾋﾞﾙ1F,1300
すき家 名古屋大野木店,愛知県名古屋市西区大野木4-30,1150
すき家 博多駅前四丁目店,福岡県福岡市博多区博多駅前4-3-22産恵ﾋﾞﾙ1F,1000
すき家 331号南城店,沖縄県南城市佐敷津波古1356-2,950
すき家 桜上水駅前店,東京都世田谷区桜上水4-10-16間瀬ﾋﾞﾙ１F,1250
すき家 247号美浜店,愛知県知多郡美浜町新浦戸1-11-4,1080
すき家 防府新田店,山口県防府市大字新田573-1,1050
すき家 妙法寺駅前店,兵庫県神戸市須磨区横尾1-5ﾘﾌｧｰﾚ横尾1F,1050
すき家 博多ＢＰ店,福岡県福岡市東区原田3-9-22,1000
すき家 新越谷駅東口店,埼玉県越谷市南越谷1-17-11新越谷ﾌﾟﾗｻﾞﾋﾞﾙ1F,1100
すき家 京王リトナード東府中店,東京都府中市清水ヶ丘1-8-3京王ﾘﾄﾅｰﾄﾞ東府中1Ｆ,1200
すき家 10号都城都北店,宮崎県都城市都北町5928-1,1000
すき家 255号大井松田店,神奈川県足柄上郡大井町金子1627-1,1180
すき家 足利葉鹿店,栃木県足利市葉鹿町1-29-3,1070
すき家 うるま前原店,沖縄県うるま市前原169-4-3,960
すき家 福岡渡辺通五丁目店,福岡県福岡市中央区渡辺通5-2-27,1000
すき家 船橋三咲店,千葉県船橋市三咲4-19-1,1080
すき家 212号日田店,大分県日田市南元町20-7,1000
すき家 42号尾鷲店,三重県尾鷲市倉ノ谷町1034-40,1150
すき家 156号岐阜芥見店,岐阜県岐阜市芥見長山3-8-3,1000
すき家 1国鶴見下末吉店,神奈川県横浜市鶴見区下末吉4-4-18ｺｰﾎﾟ鶴石1F,1250
すき家 茨木IC店,大阪府茨木市郡4-11-36,1100
すき家 235号静内店,北海道日高郡新ひだか町静内末広町2-1-20,1080
すき家 29号宍粟店,兵庫県宍粟市山崎町今宿字中筋98-14,1100
すき家 4号小山間々田店,栃木県小山市間々田五料2416-5,1000
すき家 西宮北IC店,兵庫県西宮市山口町下山口3-5-23,1080
すき家 貝塚北町店,大阪府貝塚市北町17-15,1120
すき家 新青梅街道東村山店,東京都東村山市富士見町3-2-1,1180
すき家 文京白山店,東京都文京区向丘1-10-4,1250
すき家 324号天草店,熊本県天草市小松原町7-12,1000
すき家 川口駅東口店,埼玉県川口市栄町3-9-13K21ﾋﾞﾙ1F,1130
すき家 内環状新深江店,大阪府大阪市東成区深江南2-12-22,1100
すき家 310号大阪狭山店,大阪府大阪狭山市東茱萸木1-691-1,1100
すき家 イオンモール茨木店,大阪府茨木市松ヶ本町8-30-3ｲｵﾝ茨木店1F,1100
すき家 26号西住之江店,大阪府大阪市住之江区西住之江1-9-21,1100
すき家 329号西原店,沖縄県中頭郡西原町字我謝786-2,1000
すき家 西鉄久留米駅前店,福岡県久留米市東町1-5,980
すき家 勝どき三丁目店,東京都中央区勝どき3-7-6,1300
すき家 東淀川大桐店,大阪府大阪市東淀川区大桐1-7-8,1120
すき家 183号広島可部店,広島県広島市安佐北区可部7-1-26,1020
すき家 浦和仲町店,埼玉県さいたま市浦和区仲町1-4-12誠志堂ﾋﾞﾙ1F,1150
すき家 印西西の原店,千葉県印西市草深字天王前1048-7,1150
すき家 札幌屯田店,北海道札幌市北区屯田六条4-4-20,1020
すき家 横須賀中央店,神奈川県横須賀市若松町1-4味ﾋﾞﾙ1F,1200
すき家 浅草六区店,東京都台東区浅草2-9-14木村ﾋﾞﾙ1F,1300
すき家 都島本通店,大阪府大阪市都島区都島本通3-20-1,1120
すき家 周南久米店,山口県周南市大字久米1142-1,1100
すき家 所沢下新井店,埼玉県所沢市下新井1454-3,1100
すき家 499号長崎江川町店,長崎県長崎市柳田町28-1,970
すき家 184号尾道店,広島県尾道市栗原西2-7-14,1000
すき家 阪急園田駅前店,兵庫県尼崎市東園田町9-17-16ﾒｿﾞﾝ･ﾄﾞｩ･ﾌｧﾐﾘｰ1F,1100
すき家 堺高須店,大阪府堺市堺区高須町2-1-16,1100
すき家 221号小林店,宮崎県小林市堤3013-1,970
すき家 上越高土店,新潟県上越市高土町1-1-4,1100
すき家 伏見通り栄店,愛知県名古屋市中区栄1-24-7,1200
すき家 135号下田店,静岡県下田市柿崎字間戸浜6-22,1200
すき家 東高円寺駅前店,東京都杉並区高円寺南1-7-1陽輪台高円寺1F,1250
すき家 16号千葉北IC店,千葉県千葉市稲毛区長沼町135-4,1100
すき家 42号有田店,和歌山県有田市宮崎町34-1,1050
すき家 築地四丁目店,東京都中央区築地4-12-2ｼｸﾞﾈｯﾄﾋﾞﾙ1F,1300
すき家 横浜日野中央店,神奈川県横浜市港南区日野中央2-42-1,1230
すき家 松山大街道店,愛媛県松山市大街道2-5-6だるまやﾋﾞﾙ1F,1000
すき家 新座駅前店,埼玉県新座市野火止5-3-11,1100
すき家 鳩ヶ谷里店,埼玉県川口市里466-1,1100
すき家 堺筋本町店,大阪府大阪市中央区本町1-7-1三星本町ﾋﾞﾙ1F,1200
すき家 毛呂山小田谷店,埼玉県入間郡毛呂山町大字小田谷220-1,1080
すき家 港南二丁目店,東京都港区港南2-4-7石橋ﾋﾞﾙ1F,1380
すき家 161号安曇川店,滋賀県高島市安曇川町青柳1199-1,1050
すき家 伊勢崎連取店,群馬県伊勢崎市連取町1804-2,1050
すき家 仙台定禅寺通店,宮城県仙台市青葉区一番町4-11-1-101,1000
すき家 小平上水本町店,東京都小平市上水本町4-12-7,1200
すき家 219号人吉店,熊本県人吉市下薩摩瀬町1587-5,950
すき家 六本木五丁目店,東京都港区六本木5-9-22第2千陽ﾋﾞﾙ1F,1380
すき家 広島堀越店,広島県広島市南区堀越2-3-7,1100
すき家 梅田茶屋町店,大阪府大阪市北区茶屋町1-52ｺﾓﾄﾞ梅田ﾋﾞﾙ1F,1220
すき家 磐田一言店,静岡県磐田市一言2626-1,1080
すき家 高円寺駅南口店,東京都杉並区高円寺南4-45-2ﾒｲﾝﾛｰﾄﾞﾋﾞﾙ1F,1300
すき家 10号宮崎島之内店,宮崎県宮崎市大字島之内997-1,970
すき家 高知本町店,高知県高知市本町1-2-1白木ﾋﾞﾙ1F,1020
すき家 安城桜井店,愛知県安城市桜井町山ノ寺61-3,1100
すき家 八王子東町店,東京都八王子市東町5-5,1150
すき家 上前津駅南店,愛知県名古屋市中区上前津1-4-12上前津ｸﾞﾘｰﾝﾋﾞﾙ,1200
すき家 小倉北神岳店,福岡県北九州市小倉北区神岳2-6-30,1000
すき家 17号沼田店,群馬県沼田市硯田町590-5,1120
すき家 等々力駅前店,東京都世田谷区等々力3-5-6,1250
すき家 川崎塩浜店,神奈川県川崎市川崎区四谷下町1-3,1300
すき家 151号新城店,愛知県新城市稲木字仲野69-10,1100
すき家 横須賀野比店,神奈川県横須賀市野比1-4-25,1130
すき家 新座大和田店,埼玉県新座市大和田4-14-7,1100
すき家 神保町駅前店,東京都千代田区神田神保町1-14KDX神保町ﾋﾞﾙ1F,1350
すき家 武蔵小金井北口店,東京都小金井市本町5-18-5第55東京ﾋﾞﾙ,1200
すき家 鴨居駅北口店,神奈川県横浜市緑区鴨居1-15-13,1200
すき家 名古屋古出来店,愛知県名古屋市東区古出来1-5-10,1120
すき家 294号那須烏山店,栃木県那須烏山市城東21-1,1150
すき家 高知中万々店,高知県高知市中万々27-1,1000
すき家 中川山王駅前店,愛知県名古屋市中川区山王3-13-14,1100
すき家 463号BP所沢上新井店,埼玉県所沢市上新井3-1-3,1080
すき家 東京駅京橋店,東京都中央区京橋1-1-9ﾚｵ八重洲ﾋﾞﾙ,1350
すき家 東海加木屋店,愛知県東海市加木屋町大清水77-1,1100
すき家 香里園駅前店,大阪府寝屋川市香里南之町20-23,1100
すき家 294号真岡東光寺店,栃木県真岡市東光寺1-25-10,1080
すき家 綱島駅西口店,神奈川県横浜市港北区綱島西1-10-10第5吉田ビル1F,1230
すき家 西日暮里一丁目店,東京都荒川区西日暮里1-1-1ﾊﾟﾚｽいしかわ1F,1250
すき家 東久留米下里店,東京都東久留米市下里2-6-7,1180
すき家 ベイドリーム清水店,静岡県静岡市清水区駒越北町8-3,1120
すき家 496号行橋店,福岡県行橋市西宮市4-2-11,1050
すき家 枚方山之上店,大阪府枚方市山之上北町1-8,1100
すき家 中村烏森店,愛知県名古屋市中村区烏森町6-195,1100
すき家 11号高松春日店,香川県高松市春日町1626-1,1000
すき家 17号さいたま辻店,埼玉県さいたま市南区辻3-2-28,1150
すき家 3号黒崎店,福岡県北九州市八幡西区熊西2-1-29,950
すき家 玉津IC南店,兵庫県神戸市西区小山3-13-13,1080
すき家 名東大針店,愛知県名古屋市名東区大針3-3,1100
すき家 20号笛吹一宮店,山梨県笛吹市一宮町東原25-1,1070
すき家 豊洲四丁目店,東京都江東区豊洲4-8-14,1300
すき家 豊中浜店,大阪府豊中市浜4-3-7-2,1100
すき家 名鉄岐阜駅前店,岐阜県岐阜市神田町9-14,1030
すき家 西新宿五丁目駅前店,東京都新宿区西新宿4-3-12渡辺西新宿ビル1F,1350
すき家 325号菊池店,熊本県菊池市隈府字北原597-2,980
すき家 1国緑区境松店,愛知県名古屋市緑区境松1-327-1,1100
すき家 1国城東関目店,大阪府大阪市城東区関目5-3-3,1150
すき家 イオン那覇店,沖縄県那覇市金城5-10-2ｲｵﾝ那覇1F,970
すき家 アリオ上田店,長野県上田市天神3-5-1ｱﾘｵ上田ﾌｰﾄﾞｺｰﾄ2F,1050
すき家 みらい長崎ココウォーク店,長崎県長崎市茂里町1-55みらい長崎ｺｺｳｫｰｸ3F,950
すき家 八王子みなみ野駅前店,東京都八王子市みなみ野1-3-1,1150
すき家 大国町駅前店,大阪府大阪市浪速区敷津東3-11-10AKI難波ﾋﾞﾙ1F,1150
すき家 神宮前三丁目店,東京都渋谷区神宮前3-23-3ﾄﾘﾆﾃｨﾋﾞﾙ1F,1380
すき家 赤坂六丁目店,東京都港区赤坂6-3-1ｱｽﾓﾋﾞﾙ,1380
すき家 石狩花川店,北海道石狩市花川南6条1-11-50,1020
すき家 155号知多新舞子店,愛知県知多市旭南2-48-1,1100
すき家 静岡八幡店,静岡県静岡市駿河区八幡2-14-16,1100
すき家 高田馬場駅北店,東京都豊島区高田3-15-7第1大島ビル1F,1300
すき家 蓮田西新宿店,埼玉県蓮田市西新宿2-105,1100
すき家 馬込沢駅前店,千葉県船橋市藤原7-2-2Ｌｕｚ船橋1Ｆ,1100
すき家 車道駅前店,愛知県名古屋市東区筒井3-26-25第29ｵｰｼｬﾝﾋﾞﾙ1F,1120
すき家 西千葉駅前店,千葉県千葉市中央区春日2-25-1竹久ビル1F,1080
すき家 1国横浜権太坂店,神奈川県横浜市保土ヶ谷区狩場町218-21,1200
すき家 サカエチカ店,愛知県名古屋市中区栄3-4-6先路下の地下街路付設北第１号,1230
すき家 新青梅街道花小金井店,東京都小平市花小金井3-21-14,1180
すき家 生野巽東店,大阪府大阪市生野区巽東3-13-10,1120
すき家 大和りんかんモール店,神奈川県大和市中央林間7丁目6-1,1250
すき家 練馬南大泉店,東京都練馬区南大泉1-17-17,1250
すき家 高槻下田部店,大阪府高槻市下田部町1-3-28,1100
すき家 八千代村上店,千葉県八千代市村上南3-2-4,1080
すき家 10号宇佐店,大分県宇佐市大字辛島286-1,980
すき家 横浜羽衣町店,神奈川県横浜市中区羽衣町2-8-5ﾎﾃﾙα-1横浜関内1F,1200
すき家 グリナード永山店,東京都多摩市永山1-4ｸﾞﾘﾅｰﾄﾞ永山1F,1150
すき家 朝倉甘木店,福岡県朝倉市一木626-1,1000
すき家 富山五福店,富山県富山市五福字中割2325-3,1030
すき家 248号幸田大草店,愛知県額田郡幸田町大字大草字検行132-2,1100
すき家 3号八女店,福岡県八女市本村字荷稲559-1,1000
すき家 日本橋小伝馬町店,東京都中央区日本橋小伝馬町15-18EDGE小伝馬町ﾋﾞﾙ1F,1300
すき家 西葛西駅前店,東京都江戸川区西葛西6-8-11葛西産業ﾋﾞﾙ,1250
すき家 八幡東枝光店,福岡県北九州市八幡東区枝光1-5,1000
すき家 世田谷赤堤通り店,東京都世田谷区桜上水2-1-8,1250
すき家 258号多度店,三重県桑名市多度町香取284-2,1100
すき家 14号江戸川松江店,東京都江戸川区松江1-8-8,1210
すき家 8号加賀加茂店,石川県加賀市加茂町チ65-1,1050
すき家 不動前駅西店,東京都品川区西五反田4-29-14ｵｻﾞﾜSANTﾋﾞﾙ1F,1300
すき家 門真下馬伏店,大阪府門真市下馬伏町26-6,1150
すき家 297号大多喜店,千葉県夷隅郡大多喜町船子311-3,1080
すき家 大正泉尾店,大阪府大阪市大正区泉尾5-1-4,1150
すき家 成城学園駅前店,東京都世田谷区成城2-35-12,1300
すき家 川越笠幡店,埼玉県川越市笠幡181-1,1080
すき家 柏増尾台店,千葉県柏市増尾台4-13-4,1100
すき家 広島高取北店,広島県広島市安佐南区高取北1-2-32,1000
すき家 港区小割通店,愛知県名古屋市港区小割通2-33,1150
すき家 414号沼津三枚橋店,静岡県沼津市三枚橋町10-1,1080
すき家 豊中熊野町店,大阪府豊中市熊野町1-7-15,1100
すき家 江田駅前店,神奈川県横浜市青葉区荏田町2364-1,1200
すき家 三好莇生店,愛知県みよし市莇生町川向29-1,1180
すき家 浜松入野店,静岡県浜松市中央区入野町6148-1,1100
すき家 足立入谷店,東京都足立区入谷7-1-7ﾌｰﾌｧｲｾﾞﾝﾊｳｽ1F,1210
すき家 西淀川大和田店,大阪府大阪市西淀川区大和田2-1-17,1120
すき家 19号瑞浪店,岐阜県瑞浪市穂並1-64,1100
すき家 1国三島谷田店,静岡県三島市谷田60-1,1130
すき家 野田花井店,千葉県野田市花井200-1,1150
すき家 39号北見大町店,北海道北見市大町21-1,1030
すき家 四ツ橋駅前店,大阪府大阪市西区北堀江1-7-12四ツ橋北堀江ﾋﾞﾙ1F,1150
すき家 日野大坂上店,東京都日野市大坂上1-29-2-1,1150
すき家 水戸駅南口店,茨城県水戸市宮町1-7-44COMBOX310-302号室,1050
すき家 札幌ポールタウン店,北海道札幌市中央区南三条西3-10さっぽろ地下街ﾎﾟｰﾙﾀｳﾝ,1020
すき家 道頓堀一丁目店,大阪府大阪市中央区道頓堀1-1-11K-24ﾋﾞﾙ1F,1200
すき家 蒲郡三谷北通店,愛知県蒲郡市三谷北通2-122,1100
すき家 葛飾東新小岩店,東京都葛飾区東新小岩2-2-8,1210
すき家 東大宮駅前店,埼玉県さいたま市見沼区東大宮5-1-2東大宮東口扶桑ﾋﾞﾙ1Ｆ,1100
すき家 新宿二丁目店,東京都新宿区新宿2-15-15新宿ﾔﾏﾄﾋﾞﾙ1F,1330
すき家 宇治東IC店,京都府宇治市菟道西隼上り1-26,1100
すき家 イーアスつくば店,茨城県つくば市研究学園5-19ｲｰｱｽつくばｼｮｯﾋﾟﾝｸﾞｾﾝﾀｰ3F,1050
すき家 1国静岡馬渕店,静岡県静岡市駿河区馬渕1-17-38,1100
すき家 高松寿町店,香川県高松市寿町1-4-3高松中央通りﾋﾞﾙ1F,1100
すき家 49号郡山菜根店,福島県郡山市字菜根屋敷59-22,950
すき家 263号福岡野芥店,福岡県福岡市早良区野芥4-45-5,980
すき家 2国広島東雲店,広島県広島市南区東雲3-13-6,1100
すき家 126号千葉弁天店,千葉県千葉市中央区弁天4-11-26,1080
すき家 一宮駅前店,愛知県一宮市栄3-7-1石照ﾋﾞﾙ1F,1100
すき家 武蔵小金井南口店,東京都小金井市本町6-14-45O.Sﾋﾞﾙ1Ｆ,1200
すき家 八潮南川崎店,埼玉県八潮市南川崎590-1,1100
すき家 西宮今津巽店,兵庫県西宮市今津巽町4-37,1080
すき家 川越諏訪町店,埼玉県川越市諏訪町16-13,1080
すき家 ライフガーデン新浦安店,千葉県浦安市富岡3-2-1,1200
すき家 須磨車店,兵庫県神戸市須磨区車字奥中ノ尾767-1,1150
すき家 群馬吉井町店,群馬県高崎市吉井町池46-4,1050
すき家 イオンモール浜松市野店,静岡県浜松市中央区天王町字諏訪1981-3ｲｵﾝﾓｰﾙ浜松市野ｼｮｯﾋﾟﾝｸﾞｾﾝﾀｰ2F,1100
すき家 16号上尾瓦葺店,埼玉県上尾市瓦葺708-1,1100
すき家 アキバ田代通り店,東京都千代田区外神田4-5-8松孝商事ﾋﾞﾙ1F,1300
すき家 松戸六高台店,千葉県松戸市六高台1-71,1080
すき家 日高鹿山店,埼玉県日高市鹿山247-5,1080
すき家 宇都宮インターパーク店,栃木県宇都宮市ｲﾝﾀｰﾊﾟｰｸ6-5-2,1150
すき家 横浜善部町店,神奈川県横浜市旭区善部町16-1,1200
すき家 調布入間店,東京都調布市入間町2-4-1,1200
すき家 23号南区元塩店,愛知県名古屋市南区元塩町1-5-7,1120
すき家 中川篠原橋通店,愛知県名古屋市中川区篠原橋通3-4,1120
すき家 八街稲荷丘店,千葉県八街市八街ほ945-84,1080
すき家 4号盛岡上田店,岩手県盛岡市上田4-20-47,950
すき家 浅草橋駅前店,東京都台東区柳橋1-23-3田中ﾋﾞﾙ1F,1300
すき家 17号魚沼店,新潟県魚沼市井口新田277-1,1050
すき家 綾瀬駅南店,東京都葛飾区小菅4-10-2,1220
すき家 知多つつじが丘店,愛知県知多市つつじが丘1-19-11,1100
すき家 川崎木月店,神奈川県川崎市中原区木月3-53-7,1220
すき家 川崎藤崎店,神奈川県川崎市川崎区藤崎4-19-3,1300
すき家 4号矢板店,栃木県矢板市中691-1,1000
すき家 42号新宮神倉店,和歌山県新宮市神倉3-1291-1,1100
すき家 1国横浜不動坂店,神奈川県横浜市戸塚区柏尾町928-1,1200
すき家 東村山秋津店,東京都東村山市秋津町3-47-3,1180
すき家 ４号越谷大間野店,埼玉県越谷市大間野町2-207-4,1100
すき家 下関赤間店,山口県下関市赤間町3-35,1020
すき家 153号日進赤池店,愛知県日進市浅田町笹原8-11,1150
すき家 31号呉海岸通り店,広島県呉市海岸1-7-12,1000
すき家 豊田堤本町店,愛知県豊田市堤本町本地8-3,1180
すき家 105号大仙北長野店,秋田県大仙市北長野字道ノ下117-1,950
すき家 サンライズ蒲田店,東京都大田区西蒲田7-51-2ﾍﾞﾙｺｰｻ1F,1300
すき家 神戸キャンパススクエア店,兵庫県神戸市西区学園西町1-4,1050
すき家 50号岩舟静店,栃木県栃木市岩舟町静2167-1,1120
すき家 葛飾亀有一丁目店,東京都葛飾区亀有1-14-5,1220
すき家 足立鹿浜店,東京都足立区鹿浜2-34-17,1210
すき家 十和田元町店,青森県十和田市元町東1-2-19,940
すき家 代々木一丁目店,東京都渋谷区代々木1-37-6,1350
すき家 北谷国体道路店,沖縄県中頭郡北谷町上勢頭544-6,1000
すき家 153号天白植田西店,愛知県名古屋市天白区植田西3-902,1150
すき家 清水IC店,静岡県静岡市清水区八坂東2-16-21,1080
すき家 府中栄店,東京都府中市栄町2-22-1,1200
すき家 さいたま本郷町店,埼玉県さいたま市北区本郷町689-1,1120
すき家 小田原扇町店,神奈川県小田原市扇町2-5-9,1150
すき家 140号秩父野坂店,埼玉県秩父市野坂町2-1-21,1080
すき家 16号相模原橋本店,神奈川県相模原市緑区橋本2-22-18,1130
すき家 和歌山秋月店,和歌山県和歌山市秋月304-5,1050
すき家 環八高井戸店,東京都杉並区高井戸西1-1-28,1250
すき家 千葉蘇我店,千葉県千葉市中央区南町1-2-9,1080
すき家 緑区鳴海店,愛知県名古屋市緑区浦里3-317,1150
すき家 大田東邦医大通店,東京都大田区大森西1-8-17,1300
すき家 春日部ユリノキ通り店,埼玉県春日部市大沼4-19,1100
すき家 太宰府向佐野店,福岡県太宰府市向佐野3-3-35,1000
すき家 堺黒土店,大阪府堺市北区黒土町2355-1,1120
すき家 8号金沢福久店,石川県金沢市福久東1-37,1050
すき家 名古屋品川町店,愛知県名古屋市港区品川町1-2-3,1150
すき家 青梅新町店,東京都青梅市新町7-6-10,1150
すき家 仙台泉中央店,宮城県仙台市泉区泉中央1-1-4,1000
すき家 摂津鳥飼中店,大阪府摂津市鳥飼中2-2-50,1150
すき家 京阪枚方市駅前店,大阪府枚方市岡本町3-4N´sSquare1F,1100
すき家 戸塚駅西口店,神奈川県横浜市戸塚区戸塚町4080-1LEON-K1F,1200
すき家 鹿島田駅前店,神奈川県川崎市幸区鹿島田1丁目18-6KSﾋﾞﾙ1F,1200
すき家 宮原駅東口店,埼玉県さいたま市北区宮原町3-321杉ﾋﾞﾙ・21Ｆ,1100
すき家 12号岩見沢店,北海道岩見沢市九条西10-1-39,1000
すき家 川口芝店,埼玉県川口市芝宮根町7-2,1130
すき家 37号室蘭中島店,北海道室蘭市中島町2-6-12,1000
すき家 鹿児島下荒田店,鹿児島県鹿児島市下荒田1-2-1,970
すき家 東大阪菱屋西店,大阪府東大阪市菱屋西6-9-15,1100
すき家 さいたま与野本町店,埼玉県さいたま市中央区鈴谷9-10-4,1200
すき家 4号矢吹店,福島県西白河郡矢吹町新町205-1,1050
すき家 1国藤沢辻堂店,神奈川県藤沢市辻堂神台2-8-17,1200
すき家 204号佐世保田原店,長崎県佐世保市田原町17-23,970
すき家 立売堀二丁目店,大阪府大阪市西区立売堀2-4-6DGﾋﾞﾙなにわ筋1Ｆ,1200
すき家 宮崎東大淀店,宮崎県宮崎市東大淀2-3-41,980
すき家 港北箕輪町店,神奈川県横浜市港北区箕輪町2-5-5,1230
すき家 内環状守口太子橋店,大阪府守口市緑町3-12,1120
すき家 江東新砂店,東京都江東区新砂3-2-6SGHﾚｼﾞﾃﾞﾝｽ新砂1Ｆ,1300
すき家 桜川駅前店,大阪府大阪市浪速区幸町2-8-8常盤機械ﾋﾞﾙ1Ｆ,1150
すき家 開成店,神奈川県足柄上郡開成町吉田島783-1,1150
すき家 川崎南加瀬店,神奈川県川崎市幸区南加瀬4-16-9,1250
すき家 2国明石天文町店,兵庫県明石市天文町1-8-6,1080
すき家 福島西BP店,福島県福島市東中央3-47-2,980
すき家 横浜南幸二丁目店,神奈川県横浜市西区南幸2-9-16第8浅川ﾋﾞﾙ1Ｆ,1300
すき家 鶴ヶ峰駅前店,神奈川県横浜市旭区鶴ヶ峰2-82-1ｺｺﾛｯﾄ鶴ヶ峰1F,1200
すき家 507号八重瀬店,沖縄県島尻郡八重瀬町字伊覇46-4,1000
すき家 近畿大学店,大阪府東大阪市新上小阪5-86近畿大学Eｷｬﾝﾊﾟｽ構内,1100
すき家 303号大野店,岐阜県揖斐郡大野町大字中之元字下姥田928-4,1080
すき家 環七山王店,東京都大田区山王4-12-4,1300
すき家 越谷相模町店,埼玉県越谷市相模町1-233-1,1100
すき家 船橋夏見台店,千葉県船橋市夏見台5-9-1,1100
すき家 足立扇店,東京都足立区扇2-26-42,1210
すき家 甲州街道柴崎店,東京都調布市菊野台1-47-1,1200
すき家 阪急伊丹店,兵庫県伊丹市中央1-6-14,1080
すき家 津上浜町店,三重県津市上浜町6-101-3,980
すき家 170号熊取店,大阪府泉南郡熊取町紺屋2-5-5,1100
すき家 竹芝店,東京都港区海岸1-9-11,1380
すき家 福山蔵王店,広島県福山市南蔵王町5-16-23,1000
すき家 大阪鶴見今津北店,大阪府大阪市鶴見区今津北4-4-3,1100
すき家 岐阜本荘店,岐阜県岐阜市鹿島町6-3-2,1080
すき家 札幌北野店,北海道札幌市清田区北野七条3-5-5,1020
すき家 下赤塚駅前店,東京都板橋区赤塚新町1-23-5ﾌﾟﾛｽﾊﾟｰﾋﾞﾙ上野1Ｆ,1250
すき家 谷町三丁目店,大阪府大阪市中央区谷町3-5-5ｱｲﾄﾞｭﾋﾞﾙ1F,1200
すき家 413号津久井三ケ木店,神奈川県相模原市緑区三ケ木405-1,1130
すき家 170号寝屋川高宮店,大阪府寝屋川市高宮1-10-27,1100
すき家 19号多治見音羽店,岐阜県多治見市音羽町4-1,1130
すき家 姫路中地店,兵庫県姫路市飾磨区構2-112,1050
すき家 南港通り北加賀屋店,大阪府大阪市住之江区北加賀屋2-11-8北加賀屋千島ﾋﾞﾙ,1150
すき家 新小岩店,東京都葛飾区西新小岩1-9-7,1210
すき家 奈良富雄店,奈良県奈良市三碓7-1-23,1050
すき家 池袋サンシャイン前店,東京都豊島区東池袋4-25-9ﾀｲﾑｽﾞｽﾃｰｼｮﾝ池袋,1300
すき家 大宮桜木町店,埼玉県さいたま市大宮区桜木町2-362ｼﾝﾒｲ桜木ﾋﾞﾙ1F,1200
すき家 仙台広瀬通一番町店,宮城県仙台市青葉区一番町4-3-1菅原酒店ﾋﾞﾙ1Ｆ,1000
すき家 188号光浅江店,山口県光市浅江1-11-7,1050
すき家 17号BP戸田美女木店,埼玉県戸田市美女木7-1-1,1100
すき家 330号浦添内間店,沖縄県浦添市内間2-6-9,980
すき家 42号田辺店,和歌山県田辺市下万呂362-2,1100
すき家 津IC店,三重県津市西古河町19-13,1030
すき家 151号豊川IC店,愛知県豊川市大橋町2-1,1100
すき家 大田久が原店,東京都大田区久が原5-3-6,1300
すき家 八丁堀四丁目店,東京都中央区八丁堀4-8-2いちご桜橋ﾋﾞﾙ1F,1330
すき家 4号下野笹原店,栃木県下野市笹原83-1,1000
すき家 川崎潮見台店,神奈川県川崎市宮前区潮見台10-2,1200
すき家 11号高松檀紙店,香川県高松市檀紙町1513-5,1050
すき家 成田取香店,千葉県成田市取香529-1,1350
すき家 4号福島伊達店,福島県伊達市鍛治屋川27-1,980
すき家 札幌北33条店,北海道札幌市北区北三十三条西4-1-12,1020
すき家 尼崎浜田店,兵庫県尼崎市浜田4-41-1,1050
すき家 さいたま領家店,埼玉県さいたま市浦和区領家4-14-5,1150
すき家 太田内ヶ島店,群馬県太田市内ヶ島町1492-5,1110
すき家 小樽有幌店,北海道小樽市有幌町2-14,1000
すき家 豊田吉原店,愛知県豊田市吉原町向イ野8-5,1180
すき家 堺筋恵美須町店,大阪府大阪市浪速区日本橋5-13-18ﾌｫﾚｼﾃｨ日本橋V1F,1150
すき家 19号松本村井店,長野県松本市村井町北2-8-45,1100
すき家 フォレオせんだい宮の杜店,宮城県仙台市宮城野区東仙台4-14-3,1000
すき家 155号津島店,愛知県津島市申塚町2-143-1,1100
すき家 フレスポ若葉台店,東京都稲城市若葉台2-1-1,1150
すき家 柏松葉町店,千葉県柏市松葉町7-36-1,1080
すき家 ウィラ大井店,東京都品川区勝島1-6-16,1350
すき家 122号騎西店,埼玉県加須市騎西字高道460-1,1080
すき家 40号名寄店,北海道名寄市西四条南10-56-1,1020
すき家 愛知学院大学前店,愛知県長久手市長配2-601,1100
すき家 329号北中城店,沖縄県中頭郡北中城村字渡口456-3,980
すき家 阪神野田駅前店,大阪府大阪市福島区海老江1-1-17野田ｱﾌﾟﾗ105,1200
すき家 41号豊山店,愛知県西春日井郡豊山町青山字江川73-1,1150
すき家 港南台店,神奈川県横浜市港南区港南台4-3-1ﾋﾞ-ﾊﾞ-ﾋﾞﾙ1F,1160
すき家 52号甲府宝店,山梨県甲府市宝2-25-8,1070
すき家 上尾駅西口店,埼玉県上尾市谷津2-1-41,1100
すき家 289号三条東裏館店,新潟県三条市東裏館3-1-7,1050
すき家 16号横浜下白根店,神奈川県横浜市旭区川島町2846-5,1200
すき家 288号田村店,福島県田村市船引町船引字舘柄前89-1,980
すき家 姫路南条店,兵庫県姫路市南条191-1,1100
すき家 168号生駒壱分店,奈良県生駒市有里町108-1,1050
すき家 目白通り高野台店,東京都練馬区高野台2-5-15,1250
すき家 14号江戸川篠崎店,東京都江戸川区篠崎町7-1-17,1210
すき家 静岡松富店,静岡県静岡市葵区松富2-1-51,1100
すき家 18号上田大屋店,長野県上田市大屋347-8,1150
すき家 環状4号泉区和泉店,神奈川県横浜市泉区下和泉1-4-3,1160
すき家 東白楽駅前店,神奈川県横浜市神奈川区白楽4-6ﾊ-ﾄﾋﾞﾙ,1140
すき家 松戸古ヶ崎店,千葉県松戸市古ヶ崎764-1,1080
すき家 16号木更津貝渕店,千葉県木更津市貝渕4-10-10,1100
すき家 西九条駅前店,大阪府大阪市此花区西九条4-3-39村本ﾋﾞﾙ1F,1150
すき家 長崎銅座町店,長崎県長崎市銅座町6-1銅座松尾ﾋﾞﾙ1F,1000
すき家 川西火打店,兵庫県川西市火打2-9-23,1050
すき家 150号御前崎浜岡店,静岡県御前崎市池新田字下水神7625-2,1080
すき家 大船駅前店,神奈川県鎌倉市大船1-5-9ｲﾄｰﾋﾞﾙ1F,1200
すき家 住吉長居公園通店,大阪府大阪市住吉区長居東1-31,1120
すき家 福井日光店,福井県福井市日光2-27-13,1000
すき家 高崎棟高店,群馬県高崎市棟高町1868-113,1080
すき家 天神橋二丁目店,大阪府大阪市北区天神橋2-4-14盛岡ﾋﾞﾙ1F,1200
すき家 瑞穂弥富通店,愛知県名古屋市瑞穂区弥富通5-31,1150
すき家 垂水塩屋北店,兵庫県神戸市垂水区朝谷町20-7,1060
すき家 35号佐世保大和店,長崎県佐世保市大和町749-1,970
すき家 岡山大学前店,岡山県岡山市北区学南町2-811-1ﾒｿﾞﾝ仏蘭西1F,980
すき家 長吉出戸店,大阪府大阪市平野区長吉出戸5-3-62,1100
すき家 中村黄金通店,愛知県名古屋市中村区黄金通2-55,1100
すき家 川崎下麻生店,神奈川県川崎市麻生区下麻生3-46-6,1230
すき家 新田市野井店,群馬県太田市新田市野井町771-1,1060
すき家 248号岡崎岩津店,愛知県岡崎市岩津町字新城107-7,1150
すき家 41号下呂店,岐阜県下呂市萩原町上呂字堂前1624-1,1150
すき家 豊岡野田店,兵庫県豊岡市野田95-1,1120
すき家 小牧春日寺店,愛知県小牧市春日寺2-329,1080
すき家 浜松三方原店,静岡県浜松市中央区三方原町795-5,1100
すき家 愛川中津店,神奈川県愛甲郡愛川町中津160-1,1150
すき家 京都太秦店,京都府京都市右京区常盤東ノ町6-3,1050
すき家 26号岸和田下池田店,大阪府岸和田市下池田町1-2-3,1100
すき家 緑区平手北店,愛知県名古屋市緑区平手北1-920,1150
すき家 1国浜松卸本町店,静岡県浜松市中央区卸本町103-1,1100
すき家 狭山広瀬店,埼玉県狭山市広瀬2-35-12,1100
すき家 199号若松東二島店,福岡県北九州市若松区東二島3-2-45,950
すき家 浜松鍛冶町店,静岡県浜松市中央区鍛冶町320-20有楽ﾋﾞﾙ1F,1100
すき家 41号大口店,愛知県丹羽郡大口町中小口3-72-1,1150
すき家 248号岡崎上六名店,愛知県岡崎市上六名町2-7-7,1100
すき家 横浜山下町店,神奈川県横浜市中区山下町195-3,1200
すき家 弘前中野店,青森県弘前市中野2-1-6,920
すき家 梅田太融寺店,大阪府大阪市北区太融寺町5-8ﾀﾞｲﾔﾓﾝﾄﾞﾚｼﾞｬ-ﾋﾞﾙ本館1F,1220
すき家 狭山富士見店,埼玉県狭山市富士見1-16-24,1100
すき家 25号八尾永畑店,大阪府八尾市永畑町1-2-58,1100
すき家 上石神井駅前店,東京都練馬区上石神井1-13-17,1250
すき家 福岡舞鶴店,福岡県福岡市中央区舞鶴1-2-12,1000
すき家 21号可児御嵩IC店,岐阜県可児市柿田829-1,1120
すき家 16号狭山上奥富店,埼玉県狭山市上奥富51-1,1100
すき家 12号滝川東町店,北海道滝川市東町2-42-7,1020
すき家 34号大村店,長崎県大村市桜馬場2-370-1,970
すき家 25号平野加美西店,大阪府大阪市平野区加美西1-6-16,1100
すき家 464号千葉NT白井店,千葉県白井市根447-2,1150
すき家 13号米沢花沢店,山形県米沢市花沢710-7,980
すき家 札幌北郷店,北海道札幌市白石区北郷三条8-1-1,1020
すき家 3号小倉北到津店,福岡県北九州市小倉北区上到津2-3-151F,1000
すき家 町田小山店,東京都町田市小山町959-1,1150
すき家 26号堺山本店,大阪府堺市堺区山本町3-78,1100
すき家 伊勢崎上諏訪店,群馬県伊勢崎市上諏訪町1523-14,1050
すき家 幡ヶ谷駅前店,東京都渋谷区幡ヶ谷1-33-1ｼｬﾄ-ﾌﾀﾊﾞ1F,1250
すき家 稲敷江戸崎店,茨城県稲敷市江戸崎甲2141-3,1020
すき家 久米川駅前店,東京都東村山市栄町2-9-32晃正ﾌﾟﾗｻﾞﾋﾞﾙ1F,1180
すき家 3号薩摩川内店,鹿児島県薩摩川内市御陵下町字住連木14-18,970
すき家 七尾藤橋店,石川県七尾市藤橋町戌12-1,1200
すき家 イオンタウン太子店,兵庫県揖保郡太子町東出262-1,1050
すき家 池上通り中央店,東京都大田区中央7-3-1ｶﾊﾞﾔﾋﾞﾙ1F,1300
すき家 三軒茶屋二丁目店,東京都世田谷区三軒茶屋2-11-24ｻﾝﾀﾜ-ｽﾞA101,1350
すき家 三郷上彦名店,埼玉県三郷市上彦名231-1,1150
すき家 江東千石店,東京都江東区千石2-9-9,1300
すき家 葛飾南水元店,東京都葛飾区南水元2-30-5,1220
すき家 西京区樫原店,京都府京都市西京区樫原分田16-3,1100
すき家 14号江戸川一之江店,東京都江戸川区一之江1-8-4,1220
すき家 155号豊田浄水店,愛知県豊田市浄水町南平187-371,1120
すき家 大田南六郷店,東京都大田区南六郷2-34-7,1300
すき家 1国茅ヶ崎十間坂店,神奈川県茅ヶ崎市十間坂3-2-2,1150
すき家 吉野町店,神奈川県横浜市南区吉野町5-22-17朝日ヶ丘ﾆｭ-ｽｶｲﾏﾝｼｮﾝ1F,1200
すき家 千葉小倉店,千葉県千葉市若葉区小倉町862-3,1080
すき家 名古屋志賀本通店,愛知県名古屋市北区志賀本通2-2,1120
すき家 柴又街道小岩店,東京都江戸川区東小岩6-3-5,1210
すき家 3号熊本藤崎店,熊本県熊本市中央区妙体寺町2-1,950
すき家 新潟大学前店,新潟県新潟市西区五十嵐一の町6711-1,980
すき家 58号名護東江店,沖縄県名護市東江5-6517-1,1020
すき家 多摩乞田店,東京都多摩市乞田791-1,1160
すき家 新御徒町店,東京都台東区東上野1-1-1,1300
すき家 19号土岐店,岐阜県土岐市泉仲森町1-17,1100
すき家 1国豊川御油店,愛知県豊川市御油町池田53-4,1100
すき家 1国戸塚店,神奈川県横浜市戸塚区戸塚町3153-45,1160
すき家 11号松山久米窪田店,愛媛県松山市久米窪田町1162-1,1000
すき家 磐田二之宮店,静岡県磐田市二之宮332-1,1080
すき家 ワンザ有明店,東京都江東区有明3-6-11TFTﾋﾞﾙ東館2F,1400
すき家 ニッケコルトンプラザ店,千葉県市川市鬼高1-1-1,1100
すき家 荻窪駅西口店,東京都杉並区荻窪5-26-11ﾏﾁﾀﾞﾋﾞﾙ1F,1250
すき家 23号津栗真中山店,三重県津市栗真中山町2-1,980
すき家 三鷹牟礼店,東京都三鷹市牟礼4-8-7,1230
すき家 50号伊勢崎赤堀店,群馬県伊勢崎市赤堀今井町1-557-1,1050
すき家 松山空港通店,愛媛県松山市空港通4-7-8,1000
すき家 堺IC店,大阪府堺市南区小代457-1,1120
すき家 江東塩浜店,東京都江東区塩浜2-14-3,1300
すき家 美濃加茂山手店,岐阜県美濃加茂市山手町2-20,1050
すき家 境町上小橋店,茨城県猿島郡境町上小橋98-2,1120
すき家 251号島原宮の町店,長崎県島原市宮の町648-1,1050
すき家 土浦荒川沖店,茨城県土浦市荒川沖東2-17-10,1030
すき家 鴻巣鎌塚店,埼玉県鴻巣市鎌塚1775-6,1070
すき家 北名古屋弥勒寺店,愛知県北名古屋市弥勒寺東3-1,1100
すき家 18号上田材木店,長野県上田市材木町1-9-16,1100
すき家 329号那覇上間店,沖縄県那覇市上間276-1,980
すき家 東住吉杭全店,大阪府大阪市東住吉区杭全5-13-7,1120
すき家 153号千種本町店,愛知県名古屋市千種区千種1-21-3,1120
すき家 町田能ヶ谷店,東京都町田市能ヶ谷町7-12-11,1160
すき家 前橋堀越店,群馬県前橋市堀越町366-1,1100
すき家 藤井寺駅前店,大阪府藤井寺市岡2-8-46ｱｺ-ﾙｱﾝ1Ｆ,1100
すき家 横浜平沼店,神奈川県横浜市西区平沼1-4-28横浜藤和ﾋﾞﾙ1F,1250
すき家 1国豊橋下地店,愛知県豊橋市下地町字宮腰11-9,1080
すき家 500号別府石垣店,大分県別府市石垣西10-3-30,950
すき家 2国岡山早島店,岡山県都窪郡早島町早島3444-1,1050
すき家 171号箕面牧落店,大阪府箕面市牧落3-20-30,1100
すき家 淵野辺北口店,神奈川県相模原市中央区淵野辺3-19-11大黒屋ﾋﾞﾙ1Ｆ,1140
すき家 8号糸魚川寺島店,新潟県糸魚川市寺島3-2-34,1100
すき家 交野星田北店,大阪府交野市星田北3-37-4,1100
すき家 鉾田店,茨城県鉾田市塔ヶ崎1017-1,1020
すき家 伊丹瑞穂店,兵庫県伊丹市瑞穂町2-21,1080
すき家 千葉貝塚店,千葉県千葉市若葉区貝塚2-10-1,1080
すき家 鹿児島卸本町店,鹿児島県鹿児島市卸本町6-2,1000
すき家 21号垂井店,岐阜県不破郡垂井町宮代字提3018-1,1080
すき家 1国山科西野店,京都府京都市山科区西野山階町11-5,1050
すき家 阿倍野店,大阪府大阪市阿倍野区阿倍野筋2-4-49ｱﾍﾞﾆｭ-ﾎ-ﾙ1F,1120
すき家 渋谷円山町店,東京都渋谷区円山町28-4大場ﾋﾞﾙ1F,1400
すき家 四日市西日野店,三重県四日市市西日野町字八幡5031-1,1100
すき家 1国湖南石部店,滋賀県湖南市石部口1-10-5,1050
すき家 幕張本郷店,千葉県千葉市花見川区幕張本郷6-24-26鈴木本郷ビル1F,1080
すき家 仙台クリスロード店,宮城県仙台市青葉区中央2-2-29,1000
すき家 下石神井店,東京都練馬区下石神井5-16-3,1250
すき家 府中けやき並木通り店,東京都府中市宮西町2-21Ｆ,1200
すき家 成増店,東京都板橋区成増2-18-7吉田屋第一ﾋﾞﾙ1F,1250
すき家 此花四貫島店,大阪府大阪市此花区四貫島2-4-5,1160
すき家 芝浦四丁目店,東京都港区芝浦4-9-18ｸﾞﾗﾝﾄﾞﾊﾟﾚｽ田町1F,1380
すき家 40号稚内大黒店,北海道稚内市大黒2-6-24,1300
すき家 421号いなべ店,三重県いなべ市員弁町大泉新田字野溜42-5,1100
すき家 52号清水興津店,静岡県静岡市清水区興津中町字金山下1371-1,1080
すき家 7号にかほ店,秋田県にかほ市平沢字町田129-1,1000
すき家 鹿児島天文館店,鹿児島県鹿児島市呉服町1-3ｾﾝﾁｭﾘｵﾝﾎﾃﾙ鹿児島1F,1000
すき家 39号網走新町店,北海道網走市新町2-3-5,1050
すき家 藍住笠木店,徳島県板野郡藍住町笠木字中野71-2,1020
すき家 松本出川店,長野県松本市出川3-6-10,1100
すき家 245号日立久慈店,茨城県日立市久慈町4-6-6,1030
すき家 札幌山鼻店,北海道札幌市中央区南十三条西15-3-6,1020
すき家 八王子小宮店,東京都八王子市小宮町924-1,1150
すき家 吹田五月が丘店,大阪府吹田市五月が丘東13-19,1100
すき家 14号習志野谷津店,千葉県習志野市谷津2-18-45,1100
すき家 28号鳴門大津店,徳島県鳴門市大津町吉永四番越471-1,1020
すき家 朝霞朝志ヶ丘店,埼玉県朝霞市朝志ヶ丘4-7-19ｱ-ﾙﾌｫﾝﾃｨ-ﾇ1Ｆ,1080
すき家 2国西宮北今津店,兵庫県西宮市津門稲荷町5-8,1050
すき家 町田高ヶ坂店,東京都町田市高ヶ坂6-4-1,1160
すき家 163号門真殿島店,大阪府門真市殿島町7-13,1150
すき家 小田原駅東口店,神奈川県小田原市栄町1-14-1実正堂ﾋﾞﾙ1F,1150
すき家 新4号BP上三川店,栃木県河内郡上三川町しらさぎ2-1-10,1050
すき家 208号荒尾原万田店,熊本県荒尾市原万田字八反田618-3,1000
すき家 甲斐島上条店,山梨県甲斐市島上条207-1,1070
すき家 169号奈良紀寺町店,奈良県奈良市紀寺町682-1,1050
すき家 6号日立城南店,茨城県日立市城南町2-10-1,1000
すき家 上大岡カミオ店,神奈川県横浜市港南区上大岡西1-15-1CAMIO1F,1200
すき家 331号糸満店,沖縄県糸満市潮平603-1,1000
すき家 こどもの国店,神奈川県横浜市青葉区奈良5-4-13,1200
すき家 葛飾柴又店,東京都葛飾区柴又5-9-1,1210
すき家 福岡博多駅南店,福岡県福岡市博多区博多駅南5-22-16,1000
すき家 旭川豊岡店,北海道旭川市豊岡十四条6-8-15,1020
すき家 高松十川店,香川県高松市十川西町583-1,1050
すき家 王子駅前店,東京都北区王子1-4-1ｻﾝｽｸｴｱ前庭,1250
すき家 イオンモール秋田店,秋田県秋田市御所野地蔵田1-1-1,950
すき家 モラージュ菖蒲店,埼玉県久喜市菖蒲町菖蒲6005-1,1250
すき家 津田の松原SA上り店,香川県さぬき市津田町鶴羽935-5,1000
すき家 津田の松原SA下り店,香川県さぬき市津田町鶴羽939-1,1000
すき家 アクロスプラザ東神奈川店,神奈川県横浜市神奈川区西寺尾１-16-15,1250
すき家 高槻古曽部店,大阪府高槻市古曽部町2-21-32,1100
すき家 310号堺大野芝店,大阪府堺市中区大野芝町209-1,1100
すき家 垂水名谷店,兵庫県神戸市垂水区名谷町字横尾1818-1,1040
すき家 藤沢菖蒲沢店,神奈川県藤沢市菖蒲沢730-1,1180
すき家 船橋古作店,千葉県船橋市古作2-1-1,1200
すき家 徳島住吉店,徳島県徳島市住吉4-41,1020
すき家 大久保百人町店,東京都新宿区百人町1-16-14ﾏｷﾊﾞﾋﾞﾙ1Ｆ,1300
すき家 碧南善明店,愛知県碧南市善明町1-37-1,1150
すき家 西武東戸塚S.C.店,神奈川県横浜市戸塚区品濃町537-1,1200
すき家 高津向ヶ丘店,神奈川県川崎市高津区向ヶ丘147-1,1250
すき家 西国分寺駅前店,東京都国分寺市西恋ヶ窪2-5-1積丹ﾋﾞﾙ1Ｆ,1180
すき家 東大阪菱屋東店,大阪府東大阪市菱屋東2-3-29,1100
すき家 49号阿賀野水原店,新潟県阿賀野市庄ヶ宮679-1,1000
すき家 三軒茶屋北店,東京都世田谷区太子堂2-24-6ドミ-三軒茶屋1Ｆ,1350
すき家 大治西條店,愛知県海部郡大治町大字西條字坂牧島8-1,1100
すき家 12号江別野幌店,北海道江別市野幌町48-4,1000
すき家 日の出IC店,東京都西多摩郡日の出町平井15-16,1200
すき家 イオンモール下妻店,茨城県下妻市堀篭972-1,1000
すき家 398号湯沢沖鶴店,秋田県湯沢市沖鶴234-1,950
すき家 58号北谷店,沖縄県中頭郡北谷町北谷2-12-6第5松栄ﾋﾞﾙ1Ｆ,1030
すき家 玉野宇野店,岡山県玉野市宇野1-20-25,1050
すき家 1国蟹江新田店,愛知県海部郡蟹江町大字蟹江新田字大海用38-4,1100
すき家 松阪嬉野店,三重県松阪市嬉野中川新町4-217,1050
すき家 環八矢口渡店,東京都大田区多摩川1-7-11榎本ﾋﾞﾙ1Ｆ,1300
すき家 463号入間東店,埼玉県入間市東町6-1-24,1100
すき家 桶川下日出谷店,埼玉県桶川市下日出谷西3-3-2,1100
すき家 7号弘前高崎店,青森県弘前市大字高崎字広田115-2,950
すき家 1国豊橋岩屋店,愛知県豊橋市岩屋町字岩屋下47-11,1080
すき家 立会川店,東京都品川区南大井1-6-10加藤ﾋﾞﾙ1Ｆ,1300
すき家 吉川栄店,埼玉県吉川市栄834-1,1080
すき家 イオンモール日吉津店,鳥取県西伯郡日吉津村日吉津1160-1,1030
すき家 岡崎牧御堂店,愛知県岡崎市牧御堂町字油田15-1,1200
すき家 3号門司黄金町店,福岡県北九州市門司区黄金町3-22,1000
すき家 56号大洲松ヶ花店,愛媛県大洲市新谷乙543-1,1050
すき家 八尾青山店,大阪府八尾市青山町4-2-38,1100
すき家 56号土佐高岡店,高知県土佐市高岡町字野田南ノ丁乙3369-1,1050
すき家 枚方渚内野店,大阪府枚方市渚内野4-25-1,1100
すき家 五泉東本町店,新潟県五泉市東本町2-78-1,980
すき家 伊勢原歌川店,神奈川県伊勢原市歌川1-3-11,1150
すき家 笹塚店,東京都渋谷区笹塚2-19-2TSK笹塚ﾋﾞﾙ,1250
すき家 イオンモール高の原店,京都府木津川市相楽台1-1-1,1100
すき家 玉川学園駅前店,東京都町田市玉川学園7-5-2,1150
すき家 広島商工センター店,広島県広島市西区商工ｾﾝﾀｰ8-2-49,1100
すき家 相模原小町通店,神奈川県相模原市中央区小町通2-4-12,1150
すき家 286号仙台山田店,宮城県仙台市太白区山田字汚田通17-1,1000
すき家 弥富イオンタウン前店,愛知県弥富市鯏浦町未新田21-1,1100
すき家 宇都宮ゆいの杜店,栃木県宇都宮市ゆいの杜5-8-9,1100
すき家 4号盛岡茶畑店,岩手県盛岡市茶畑2-22-1,950
すき家 静岡安西店,静岡県静岡市葵区安西1-2-18,1100
すき家 8号上越下荒浜店,新潟県上越市大字下荒浜字大谷内横田346-1,1030
すき家 豊田駅前店,東京都日野市多摩平1-2-26ｼﾝﾃﾞﾚﾗﾋﾞﾙ1F,1150
すき家 5号函館亀田店,北海道函館市亀田町17-11,1000
すき家 10号都城上町店,宮崎県都城市上町1-15,980
すき家 木場店,東京都江東区木場5-11-19達摩堂ﾋﾞﾙ1F,1300
すき家 4号春日部備後店,埼玉県春日部市備後東5-11-17,1100
すき家 ゆめタウン佐賀店,佐賀県佐賀市兵庫北5-14-1ゆめﾀｳﾝ佐賀２F,970
すき家 倉吉伊木店,鳥取県倉吉市伊木241-18,1020
すき家 栄三丁目店,愛知県名古屋市中区栄3-8-32山田ﾋﾞﾙ,1200
すき家 氷川台駅前店,東京都練馬区氷川台3-40-15氷川ｶﾞ-ﾃﾞﾝﾊｳｽ1Ｆ,1250
すき家 56号四万十古津賀店,高知県四万十市古津賀1-8,1020
すき家 1国枚方北中振店,大阪府枚方市北中振4-10-5,1100
すき家 横浜アリーナ前店,神奈川県横浜市港北区新横浜3-17-20ﾋｭｰﾏﾝﾊｲﾑ新横浜,1250
すき家 草加松江店,埼玉県草加市松江3-7-5,1100
すき家 25号斑鳩法隆寺店,奈良県生駒郡斑鳩町法隆寺東2-1-22,1050
すき家 我孫子寿店,千葉県我孫子市寿2-14-24,1080
すき家 ゆめタウン出雲店,島根県出雲市大塚町650-1,1050
すき家 坂戸塚越店,埼玉県坂戸市石井2901-3,1080
すき家 4号柴田店,宮城県柴田郡柴田町西船迫1-1-55,980
すき家 松山はなみずき通り店,愛媛県松山市古川北2-172-1,1000
すき家 戸部駅前店,神奈川県横浜市西区戸部本町50-25ｳﾞｨﾗにしむら1F,1250
すき家 246号伊勢原白根店,神奈川県伊勢原市白根95-1,1130
すき家 16号横須賀安浦店,神奈川県横須賀市安浦町3-24-3,1200
すき家 八王子椚田店,東京都八王子市椚田町580-2ﾒｿﾞﾝくぬぎだ1Ｆ,1150
すき家 378号八幡浜店,愛媛県八幡浜市産業通13-12,1020
すき家 イオンモール綾川店,香川県綾歌郡綾川町萱原822-1ｲｵﾝ綾川ｼｮｯﾋﾟﾝｸﾞセンター3F,1150
すき家 20号日野万願寺店,東京都日野市万願寺5-14-8,1150
すき家 いわき錦店,福島県いわき市錦町江栗大町1-1,1050
すき家 丸亀土器店,香川県丸亀市土器町東8-11,1050
すき家 名東猪子石店,愛知県名古屋市名東区猪子石1-106,1100
すき家 錦糸公園前店,東京都墨田区太平3-4-8ｸﾞﾚｲｽMM1F,1250
すき家 足立一ツ家店,東京都足立区一ツ家1-15-6,1220
すき家 札幌美香保店,北海道札幌市東区北二十条東8-3-5,1020
すき家 1国沼津共栄店,静岡県沼津市共栄町19-4,1080
すき家 JR町田駅南口店,東京都町田市原町田1-2-6第2ひろせﾋﾞﾙ1F,1160
すき家 瑞江店,東京都江戸川区瑞江2-1-23田所ﾋﾞﾙ1F,1210
すき家 アクロスプラザ鈴鹿店,三重県鈴鹿市庄野共進2-7-12,1100
すき家 赤羽南口店,東京都北区赤羽1-1-24,1250
すき家 港南四丁目店,東京都港区港南4-2-6,1380
すき家 56号伊予松前店,愛媛県伊予郡松前町大字恵久美617-1,1020
すき家 171号箕面今宮店,大阪府箕面市今宮2-3-1,1100
すき家 イトーヨーカドー国領店,東京都調布市国領町8-2-64ｲﾄ-ﾖ-ｶﾄﾞ-国領店1F,1200
すき家 足立六木店,東京都足立区六木2-7-8,1220
すき家 16号瑞穂南平店,東京都西多摩郡瑞穂町南平1-6-6,1150
すき家 10号宮崎大橋店,宮崎県宮崎市大橋2-30,980
すき家 岡山妹尾店,岡山県岡山市南区妹尾2342-1,1000
すき家 さいたま西堀店,埼玉県さいたま市桜区西堀8-4,1100
すき家 9号松江西津田店,島根県松江市西津田5-1-11,1000
すき家 467号藤沢長後店,神奈川県藤沢市長後754-1,1160
すき家 沼田IC店,群馬県沼田市下久屋町1043-1,1120
すき家 五所川原唐笠柳店,青森県五所川原市大字唐笠柳字藤巻521-8,980
すき家 和歌山大谷店,和歌山県和歌山市大谷字藤原田87-2,1050
すき家 246号秦野渋沢店,神奈川県秦野市並木町188-1,1130
すき家 高砂松陽店,兵庫県高砂市松陽1-7-15,1080
すき家 垂水多聞店,兵庫県神戸市垂水区本多聞1-22-30,1050
すき家 106号宮古店,岩手県宮古市長町1-5-17,980
すき家 相生垣内店,兵庫県相生市垣内町1310-7,1050
すき家 金沢畝田店,石川県金沢市畝田中3-561,1080
すき家 さいたま太田窪店,埼玉県さいたま市緑区太田窪3-17-25,1100
すき家 412号厚木中荻野店,神奈川県厚木市中荻野580-1,1120
すき家 高松郷東店,香川県高松市郷東町483-1,1050
すき家 10号日向原町店,宮崎県日向市原町2-11,950
すき家 モリシア津田沼店,千葉県習志野市谷津1-16-1ﾓﾘｼｱ津田沼1F,1150
すき家 大分明野店,大分県大分市明野東2-32-26,1000
すき家 烏丸七条店,京都府京都市下京区七条通烏丸東入真苧屋町197ﾌﾞ-ｹｶﾞﾙﾆ1F,1120
すき家 小平鈴木店,東京都小平市鈴木町1-215-3,1180
すき家 刈谷東陽店,愛知県刈谷市東陽町2-24,1150
すき家 平塚上平塚店,神奈川県平塚市上平塚1-54,1130
すき家 玉村上之手店,群馬県佐波郡玉村町大字上之手1628-2,1050
すき家 349号那珂店,茨城県那珂市竹ノ内4-11-8,1050
すき家 伊東桜木店,静岡県伊東市桜木町1-3-18,1130
すき家 甲府国玉店,山梨県甲府市国玉町975-1,1070
すき家 鎌ヶ谷初富店,千葉県鎌ヶ谷市新鎌ヶ谷2-1-14,1100
すき家 渋谷桜丘店,東京都渋谷区桜丘町15-19,1380
すき家 24号五條今井店,奈良県五條市今井1-11-57,1000
すき家 56号宇和島宮下店,愛媛県宇和島市宮下字太田甲191-1,1020
すき家 徳島大原店,徳島県徳島市大原町千代ケ丸山5-1,1020
すき家 鳥取南吉方店,鳥取県鳥取市南吉方2-25,1020
すき家 半田州の崎店,愛知県半田市州の崎町2-182,1100
すき家 甲府アルプス通り店,山梨県中巨摩郡昭和町西条2707-1,1100
すき家 45号八戸類家店,青森県八戸市類家5-11-5,940
すき家 南国BP店,高知県南国市明見字大政所960-1,1000
すき家 岩槻駅前店,埼玉県さいたま市岩槻区本町1-3-3吉田ﾋﾞﾙ1F,1100
すき家 6号松戸きよしヶ丘店,千葉県松戸市小金きよしヶ丘4-11-6,1080
すき家 305号小松今江店,石川県小松市今江町3-700,1050
すき家 金沢寺地店,石川県金沢市寺地1-32-28,1050
すき家 463号さいたま大門店,埼玉県さいたま市緑区美園6-11-12,1130
すき家 五香駅前店,千葉県松戸市常盤平5-11-12,1100
すき家 朝霞駅東口店,埼玉県朝霞市仲町2-2-34工房朝霞ﾋﾞﾙ1F,1100
すき家 旭川神居店,北海道旭川市神居2条1-1-17,1020
すき家 岸和田磯上店,大阪府岸和田市磯上町4-23-25,1100
すき家 202号福岡周船寺店,福岡県福岡市西区周船寺1-13-8,950
すき家 沼津小諏訪店,静岡県沼津市小諏訪574-8,1080
すき家 芝四丁目店,東京都港区芝4-7-1西山ﾋﾞﾙ1F,1380
すき家 210号大分わさだ店,大分県大分市市85-1,1000
すき家 36号苫小牧明野店,北海道苫小牧市明野新町2-1-4,1020
すき家 青梅河辺店,東京都青梅市河辺町5-25-1,1150
すき家 西川口駅前店,埼玉県川口市西川口1-5-3福原ﾋﾞﾙ,1130
すき家 長泉下土狩店,静岡県駿東郡長泉町下土狩429-1-1,1080
すき家 39号北見三輪店,北海道北見市東三輪2-831-4,1100
すき家 2国広島楽々園店,広島県広島市佐伯区楽々園2-2-22,1050
すき家 横浜上郷店,神奈川県横浜市栄区上郷町199-1,1180
すき家 217号佐伯店,大分県佐伯市鶴岡町1-3-5,980
すき家 四国中央川之江店,愛媛県四国中央市川之江町314-1,1050
すき家 昭島駅南店,東京都昭島市昭和町5-14-17,1150
すき家 228号北斗七重浜店,北海道北斗市七重浜7-2-1,1000
すき家 7号胎内店,新潟県胎内市大川町15-33,1000
すき家 三木本町店,兵庫県三木市本町1-6-30,1100
すき家 野田つつみ野店,千葉県野田市つつみ野1-2-4,1150
すき家 アクアウォーク大垣店,岐阜県大垣市林町6-80-21,1050
すき家 イオンモール新潟南店,新潟県新潟市江南区下早通柳田1-1-1,1030
すき家 イオンタウン佐沼店,宮城県登米市南方町新島前46-1,950
すき家 高松上天神店,香川県高松市上天神町217-1,1050
すき家 羽咋石野町店,石川県羽咋市石野町ｲ54-1,1150
すき家 生田駅南口店,神奈川県川崎市多摩区生田7-2-11,1140
すき家 浜松頭陀寺店,静岡県浜松市中央区頭陀寺町332-19,1100
すき家 五反野店,東京都足立区足立3-34-5沼野ﾋﾞﾙ,1220
すき家 伊丹野間店,兵庫県伊丹市南野北5-3-28,1080
すき家 横須賀衣笠店,神奈川県横須賀市衣笠町43-17,1200
すき家 307号枚方津田西店,大阪府枚方市津田西町1-2-1,1100
すき家 稲沢小池店,愛知県稲沢市小池3-10-25,1100
すき家 旭川永山店,北海道旭川市永山六条5-77-54,1020
すき家 広島緑井店,広島県広島市安佐南区緑井2-28-23,1000
すき家 イオンモール津山店,岡山県津山市河辺1000-1,1050
すき家 三宮駅東店,兵庫県神戸市中央区雲井通6-1-15ｻﾝｼﾃｨﾋﾞﾙ103,1100
すき家 125号加須諏訪店,埼玉県加須市諏訪1-15-1,1080
すき家 江東区役所前店,東京都江東区東陽4-10-7,1280
すき家 新高島平駅南店,東京都板橋区高島平4-23-17ｱﾙﾃ-ﾙ藤久,1250
すき家 ユニモちはら台店,千葉県市原市ちはら台西3-4ｼｮｯﾋﾟﾝｸﾞﾓ-ﾙﾕﾆﾓちはら台2Ｆ,1100
すき家 横浜片倉店,神奈川県横浜市神奈川区片倉1-8-6,1180
すき家 165号名張蔵持店,三重県名張市蔵持町原出778-1,1030
すき家 福岡片江店,福岡県福岡市城南区片江1-24-22,950
すき家 丸亀田村店,香川県丸亀市田村町字平池795-2,1050
すき家 稲城矢野口店,東京都稲城市矢野口323-7,1200
すき家 飛田給店,東京都調布市飛田給1-23-38荒井ﾋﾞﾙ,1200
すき家 渋川有馬店,群馬県渋川市有馬186-1,1100
すき家 長崎大学前店,長崎県長崎市家野町1-5,950
すき家 茨木中穂積店,大阪府茨木市中穂積2-10-8,1100
すき家 川崎駅前大通り店,神奈川県川崎市川崎区砂子2-6-27横山ﾋﾞﾙ1F,1300
すき家 354号邑楽店,群馬県邑楽郡邑楽町狸塚字高原357-1,1050
すき家 京急久里浜駅前店,神奈川県横須賀市久里浜4-5-4,1130
すき家 豪徳寺駅前店,東京都世田谷区豪徳寺1-25-7ﾆ-ﾅﾛ-ｼﾞﾅﾋﾞﾙ,1300
すき家 泉大津松之浜店,大阪府泉大津市松之浜町2-1-12,1100
すき家 富士今泉店,静岡県富士市今泉1-70-4,1200
すき家 鹿児島東谷山店,鹿児島県鹿児島市東谷山2-52-22,970
すき家 中環大日店,大阪府門真市向島3-35ﾍﾞｱ-ｽﾞA棟,1150
すき家 国分寺本多店,東京都国分寺市本多2-16-1,1150
すき家 155号常滑大鳥店,愛知県常滑市虹の丘三丁目53-2,1200
すき家 新座野火止店,埼玉県新座市野火止3-15-19,1100
すき家 飯塚市役所前店,福岡県飯塚市新飯塚20-24,950
すき家 55号徳島沖浜店,徳島県徳島市山城西4-1,1020
すき家 4号宇都宮今泉店,栃木県宇都宮市今泉町2533-1,1050
すき家 明石駅前店,兵庫県明石市東仲ノ町11-29石ﾋﾞﾙ1F,1080
すき家 扶桑柏森店,愛知県丹羽郡扶桑町大字柏森字西屋敷156-1,1080
すき家 44号釧路木場店,北海道釧路郡釧路町木場1-3-3,1000
すき家 大久保二丁目店,東京都新宿区大久保2-6-18,1300
すき家 武蔵境北口店,東京都武蔵野市境2-3-26,1180
すき家 6号ひたちなか田彦店,茨城県ひたちなか市大字田彦1569-1,1050
すき家 むつ中央店,青森県むつ市中央2-9-1,1000
すき家 堺片蔵店,大阪府堺市南区片蔵1333-1,1100
すき家 57号諫早小川町店,長崎県諫早市小川町53-1,1000
すき家 11号高松屋島店,香川県高松市高松町3009-9,1000
すき家 藤沢湘南台店,神奈川県藤沢市湘南台4-14-4,1160
すき家 竜ヶ崎馴柴店,茨城県龍ケ崎市馴柴町718-1,1020
すき家 ザ・モール郡山店,福島県郡山市長者1-1-56,980
すき家 宮崎大島店,宮崎県宮崎市大島町松ノ木下292-1,980
すき家 富士吉田赤富士通り店,山梨県富士吉田市上吉田東2丁目1-50,1200
すき家 稲荷町駅前店,東京都台東区東上野5-1-4,1300
すき家 4号盛岡西見前店,岩手県盛岡市西見前18-35-9,950
すき家 越谷花田店,埼玉県越谷市花田2-33-1,1080
すき家 松山枝松店,愛媛県松山市枝松1-9-16,1000
すき家 佐野鐙塚店,栃木県佐野市鐙塚町177-1,1100
すき家 板宿店,兵庫県神戸市須磨区大黒町3-3-26山本ﾋﾞﾙ,1050
すき家 495号古賀花見店,福岡県古賀市花見東1-15-13,980
すき家 横浜北幸店,神奈川県横浜市西区北幸2-10-50北幸山田ﾋﾞﾙ1F,1300
すき家 船橋習志野店,千葉県船橋市習志野5-5-1,1080
すき家 盛岡青山店,岩手県盛岡市青山3-7-1,930
すき家 21号各務原鵜沼店,岐阜県各務原市鵜沼西町3-234,1050
すき家 高知IC店,高知県高知市杉井流9-15,1000
すき家 堺津久野店,大阪府堺市西区下田町26-23,1100
すき家 岐阜入舟店,岐阜県岐阜市入舟町4-19,1080
すき家 岡山新保店,岡山県岡山市南区新保395-1,1020
すき家 169号桜井三輪店,奈良県桜井市三輪114-4,1050
すき家 東武蒲生駅前店,埼玉県越谷市蒲生寿町16-18,1100
すき家 東舞鶴白鳥店,京都府舞鶴市字森小字ﾑｼｳ218-1,1120
すき家 阿南富岡店,徳島県阿南市富岡町10-1,1020
すき家 イオン福島店,福島県福島市南矢野目西荒田50-17,980
すき家 41号高山店,岐阜県高山市下岡本町3014-5,1100
すき家 仙台福室店,宮城県仙台市宮城野区福室字小原1-2,1000
すき家 ラウンドワン和歌山店,和歌山県和歌山市小雑賀739-3,1050
すき家 東大阪加納店,大阪府東大阪市加納8-24-7,1100
すき家 119号宇都宮一条店,栃木県宇都宮市一条3-1-8,1050
すき家 141号佐久跡部店,長野県佐久市跡部46-4,1050
すき家 49号郡山IC店,福島県郡山市富田町池ノ上36-1,960
すき家 松山南江戸店,愛媛県松山市南江戸2-7-6,1000
すき家 三鷹駅南口店,東京都三鷹市下連雀3-23-12ｱ-ｼﾞｪﾝﾄﾋﾞﾙ,1230
すき家 越前押田店,福井県越前市押田2-1-1,1050
すき家 イオンモール旭川西店,北海道旭川市緑町23-2161-3,1020
すき家 野々市新庄店,石川県野々市市新庄3-253,1150
すき家 26号泉佐野鶴原店,大阪府泉佐野市鶴原1855-3,1120
すき家 末広町店,東京都千代田区外神田6-15-14,1300
すき家 2国大竹西栄店,広島県大竹市西栄1-7-13,1050
すき家 長津田みなみ台店,神奈川県横浜市緑区長津田みなみ台1-38-6,1200
すき家 今治衣干店,愛媛県今治市衣干町1942-4,1020
すき家 桐生新宿店,群馬県桐生市新宿3-2-14,1070
すき家 126号東金南上宿店,千葉県東金市南上宿5-38-33,1080
すき家 11号観音寺植田店,香川県観音寺市植田町字東原3-1,1050
すき家 24号天理嘉幡店,奈良県天理市嘉幡町590-1,1050
すき家 浜松駅南口店,静岡県浜松市中央区砂山町324-8第一伊藤ﾋﾞﾙ1Ｆ,1100
すき家 八王子楢原店,東京都八王子市楢原町397-5,1150
すき家 長堀橋駅南店,大阪府大阪市中央区島之内1-21-19協和島之内ﾋﾞﾙ1Ｆ,1200
すき家 211号八幡西店,福岡県北九州市八幡西区上の原3-1-6,980
すき家 坂出横津店,香川県坂出市横津町3-2-15,1000
すき家 四日市塩浜店,三重県四日市市塩浜本町1-9-5,1100
すき家 134号横須賀長坂店,神奈川県横須賀市長坂2-11-2,1120
すき家 11号新居浜外山店,愛媛県新居浜市外山町甲18-28,1030
すき家 伏見石田店,京都府京都市伏見区石田西ノ坪1-9,1080
すき家 大山東町店,東京都板橋区大山東町22-8,1250
すき家 仙川店,東京都調布市仙川町1-11-13大平ﾋﾞﾙ1F,1200
すき家 8号坂井丸岡店,福井県坂井市丸岡町朝陽2-102-1,1050
すき家 新宿六丁目店,東京都新宿区新宿6-28-10,1330
すき家 松江菅田店,島根県松江市菅田町24-1,980
すき家 26号高石店,大阪府高石市西取石7-11-1,1120
すき家 430号倉敷児島店,岡山県倉敷市児島小川町3682-5,1000
すき家 上福岡駅前店,埼玉県ふじみ野市上福岡1-8-2森田ﾋﾞﾙ1F,1070
すき家 尻手駅前店,神奈川県川崎市幸区南幸町3-109-1,1250
すき家 福岡志免店,福岡県糟屋郡志免町志免東3-1-12,1000
すき家 海老名河原口店,神奈川県海老名市河原口5-4-28,1180
すき家 鈴蘭台鳴子店,兵庫県神戸市北区鳴子2-1-4,1050
すき家 駒岡店,神奈川県横浜市鶴見区駒岡1-27-4,1230
すき家 125号八千代町店,茨城県結城郡八千代町菅谷604-1,1050
すき家 7号大館店,秋田県大館市根下戸新町9-25,970
すき家 今治北日吉店,愛媛県今治市北日吉町3-5-53,1020
すき家 高松中央IC店,香川県高松市木太町9区550-1,1100
すき家 3号宇土店,熊本県宇土市水町62-7,1000
すき家 192号徳島国府店,徳島県徳島市国府町観音寺大溝122-1,1020
すき家 曙橋店,東京都新宿区住吉町8-25,1250
すき家 イオンモール八千代緑が丘店,千葉県八千代市緑が丘2-1-3,1050
すき家 豊橋広小路店,愛知県豊橋市広小路1-37,1100
すき家 松山問屋町店,愛媛県松山市問屋町4-17,1000
すき家 新潟笹口店,新潟県新潟市中央区南笹口2-1-60,1050
すき家 4号仙台泉ヶ丘店,宮城県仙台市泉区泉ヶ丘3-13-24,1000
すき家 熊本東ＢＰ店,熊本県熊本市東区下南部3-17-71,1000
すき家 東大阪高井田店,大阪府東大阪市高井田本通7-1-30,1100
すき家 153号伊那店,長野県伊那市山寺282-1,1080
すき家 38号帯広柏林台店,北海道帯広市西十七条南1-25-1,1100
すき家 7号新発田中曽根店,新潟県新発田市中曽根町3-10-12,1000
すき家 101号男鹿店,秋田県男鹿市船越字内子294-1881,950
すき家 鶴見豊岡町店,神奈川県横浜市鶴見区豊岡町40-20,1200
すき家 熊本四方寄店,熊本県熊本市北区四方寄町508-6,970
すき家 静岡国吉田店,静岡県静岡市駿河区国吉田4-2-20,1100
すき家 府中本宿店,東京都府中市本宿町4-29-1,1200
すき家 1国富士鮫島店,静岡県富士市鮫島360-1,1150
すき家 新居浜高木店,愛媛県新居浜市高木町2-11,1030
すき家 川越木野目店,埼玉県川越市木野目1560-1,1080
すき家 行田向町店,埼玉県行田市向町17-11,1070
すき家 石巻元倉店,宮城県石巻市元倉1-21-12,990
すき家 裾野二ツ屋店,静岡県裾野市二ツ屋155-1,1100
すき家 城陽久世店,京都府城陽市久世南垣内172-1,1050
すき家 アクロスプラザ湯河原店,神奈川県足柄下郡湯河原町中央1-1617-54,1180
すき家 250号赤穂駅前店,兵庫県赤穂市加里屋69-11,1100
すき家 新木場駅南店,東京都江東区新木場1-4-7,1350
すき家 48号仙台折立店,宮城県仙台市青葉区折立1-21-20,1000
すき家 金沢大桑店,石川県金沢市大桑3-41,1050
すき家 八千代高津店,千葉県八千代市高津東1-6-18,1080
すき家 イオンモール発寒店,北海道札幌市西区発寒八条12-1-1,1000
すき家 17号上里店,埼玉県児玉郡上里町神保原町2211-2,1080
すき家 焼津小川店,静岡県焼津市東小川8-11-12,1100
すき家 ハッピーロード大山店,東京都板橋区大山町24-10常陸ﾋﾞﾙ1F,1250
すき家 イオンモール盛岡南店,岩手県盛岡市本宮7-1-1,950
すき家 17号本庄店,埼玉県本庄市本庄4-7-11,1110
すき家 羽島竹鼻店,岐阜県羽島市竹鼻町丸の内4-70,1050
すき家 酒田若竹店,山形県酒田市若竹町2-3-5,1100
すき家 京田辺興戸店,京都府京田辺市興戸犬伏32-1,1050
すき家 伊勢崎除ヶ町店,群馬県伊勢崎市除ヶ町324-1,1050
すき家 岐阜南鶉店,岐阜県岐阜市南鶉5-18-1,1050
すき家 北千住西口店,東京都足立区千住3-1-10,1210
すき家 430号倉敷水島店,岡山県倉敷市東塚1-16-29,1050
すき家 三島徳倉店,静岡県三島市徳倉910-2,1080
すき家 桑名大仲新田店,三重県桑名市大仲新田屋敷319-119,1100
すき家 魚津本江店,富山県魚津市本江字雲雀作2555-1,1080
すき家 岐阜正木店,岐阜県岐阜市正木南2-1-38,1080
すき家 新座道場店,埼玉県新座市道場2-18-9ﾗｰｸｱﾍﾞﾆｭｰﾀｶﾞｲ1F,1100
すき家 2国福山南本庄店,広島県福山市南本庄2-7-4,1000
すき家 寒川田端店,神奈川県高座郡寒川町田端1445-1,1150
すき家 蔵前駅前店,東京都台東区蔵前2-6-6,1300
すき家 大垣上面店,岐阜県大垣市上面4-1-1,1080
すき家 関雄飛ヶ丘店,岐阜県関市雄飛ヶ丘39-1,1080
すき家 前橋下小出店,群馬県前橋市下小出町1-8-13,1100
すき家 ビアレ横浜並木店,神奈川県横浜市金沢区並木2-13-7,1180
すき家 京成津田沼駅北店,千葉県習志野市津田沼3-9-3,1100
すき家 鹿屋寿店,鹿児島県鹿屋市寿8-20-7,1050
すき家 上池台三丁目店,東京都大田区上池台3-13-3,1300
すき家 171号向日店,京都府向日市鶏冠井町清水7-1,1080
すき家 函館漁火通店,北海道函館市広野町3-3,1000
すき家 南陽警察署西店,山形県南陽市椚塚字山崎1684-1,980
すき家 安城緑町店,愛知県安城市緑町1-17-8,1100
すき家 大森北三丁目店,東京都大田区大森北3-1-13,1300
すき家 足利南大町店,栃木県足利市南大町321-2,1050
すき家 四日市芝田店,三重県四日市市芝田1-5-5,1100
すき家 春日白水店,福岡県春日市白水ヶ丘4-61,950
すき家 奈良七条店,奈良県奈良市七条町164-1,1050
すき家 綱島樽町店,神奈川県横浜市港北区樽町2-1-34,1230
すき家 8号高岡北島店,富山県高岡市北島婦計459-2,1080
すき家 2国明石魚住店,兵庫県明石市魚住町金ヶ崎324-1,1050
すき家 仙台水の森店,宮城県仙台市青葉区水の森3-31-1,1000
すき家 45号東松島矢本店,宮城県東松島市赤井字八反谷地80-7,1000
すき家 イオン千葉NT店,千葉県印西市中央北3-2,1100
すき家 上尾平方店,埼玉県上尾市平方領々家4-1,1100
すき家 西尾永吉店,愛知県西尾市永吉3-74,1100
すき家 197号大分庄境店,大分県大分市庄境4-15,950
すき家 118号常陸大宮泉店,茨城県常陸大宮市泉字中村田462-6,1050
すき家 八代新地町店,熊本県八代市新地町10-2,1000
すき家 枚方招提北店,大阪府枚方市招提北町1-2241-1,1100
すき家 宮前平店,神奈川県川崎市宮前区馬絹1-5-5ｿｱｰﾙｼｰﾉ1Ｆ,1140
すき家 久喜栗原店,埼玉県久喜市栗原2-2-5,1100
すき家 38号釧路鳥取店,北海道釧路市鳥取大通3-4-12,1000
すき家 1国亀山店,三重県亀山市井田川町51-1,1030
すき家 11号徳島川内店,徳島県徳島市川内町平石古田36-2,1020
すき家 10号姶良宮島店,鹿児島県姶良市西餠田522-2,1000
すき家 春日部増田新田店,埼玉県春日部市増田新田93-1,1100
すき家 栃木駅北店,栃木県栃木市境町10-4,1050
すき家 155号稲沢一色店,愛知県稲沢市一色下方町285-3,1100
すき家 1国清水渋川店,静岡県静岡市清水区渋川477-4,1080
すき家 八王子平岡店,東京都八王子市平岡町25-2,1150
すき家 27号小浜店,福井県小浜市遠敷24-26-1,1200
すき家 岡谷若宮店,長野県岡谷市若宮2-5-2,1100
すき家 富士柚木店,静岡県富士市柚木310-1,1100
すき家 環七西新井店,東京都足立区西新井本町2-2-25,1210
すき家 国分野口店,鹿児島県霧島市国分野口東6-16,1050
すき家 豊田美里店,愛知県豊田市美里4-9-7,1200
すき家 笠懸阿左美店,群馬県みどり市笠懸町阿左美630-2,1070
すき家 熊本秋津店,熊本県熊本市東区沼山津3-1-11,980
すき家 富田林川面店,大阪府富田林市川面町2-4-16,1100
すき家 成田江弁須店,千葉県成田市江弁須490-16,1200
すき家 299号入間野田店,埼玉県入間市野田1571-2,1080
すき家 263号佐賀大和IC店,佐賀県佐賀市大和町尼寺3386-1,970
すき家 17号六日町IC東店,新潟県南魚沼市美佐島516-4,1100
すき家 荏原町駅前店,東京都品川区中延5-3-10,1300
すき家 岡山西大寺店,岡山県岡山市東区松新町3-1,1000
すき家 359号婦中店,富山県富山市婦中町下轡田444-1,1080
すき家 菰野ミルクロード店,三重県三重郡菰野町宿野297-3,1100
すき家 鶴岡西新斎店,山形県鶴岡市西新斎町7-9,1100
すき家 西永福店,東京都杉並区永福3-56-30,1200
すき家 和歌山榎原店,和歌山県和歌山市榎原字西塩田215-1,1050
すき家 各務原蘇原店,岐阜県各務原市蘇原瑞穂町2-62-1,1080
すき家 福山多治米店,広島県福山市多治米町5-28-13,1000
すき家 1国草津大路店,滋賀県草津市大路3-138,1050
すき家 静岡下川原店,静岡県静岡市駿河区下川原3-34-7,1100
すき家 日野南平店,東京都日野市南平4-40-1,1150
すき家 広島温品店,広島県広島市東区温品5-9-3,1030
すき家 24号高野口名古曽店,和歌山県橋本市高野口町名古曽948-1,1050
すき家 坂戸にっさい店,埼玉県坂戸市にっさい花みず木3-19-3,1080
すき家 豊橋運動公園前店,愛知県豊橋市豊岡町143-1,1100
すき家 36号清田里塚店,北海道札幌市清田区里塚一条3-2-10,1020
すき家 加古川東神吉店,兵庫県加古川市東神吉町西井ﾉ口284-1,1080
すき家 伊勢上地店,三重県伊勢市上地町3112-3,1080
すき家 21号大垣中野店,岐阜県大垣市中野町78-2,1080
すき家 君津東坂田店,千葉県君津市東坂田2-3-13,1100
すき家 421号八日市店,滋賀県東近江市東沖野1-4-3,1050
すき家 北新横浜店,神奈川県横浜市港北区北新横浜1-4-8,1250
すき家 四日市泊店,三重県四日市市泊町2-34,1100
すき家 倉敷下庄店,岡山県倉敷市下庄619-5,1000
すき家 加西北条店,兵庫県加西市北条町横尾294-1,1080
すき家 5号小樽朝里店,北海道小樽市新光2-1-4,1000
すき家 472号射水店,富山県射水市下条新1482-1,1050
すき家 42号海南店,和歌山県海南市船尾264-1,1050
すき家 139号都留桂店,山梨県都留市桂町876-1,1050
すき家 365号四日市野田店,三重県四日市市野田2-2-34,1100
すき家 135号伊東吉田店,静岡県伊東市吉田346-1,1130
すき家 大和高田神楽店,奈良県大和高田市神楽280-2,1050
すき家 18号安中原市店,群馬県安中市原市612-3,1100
すき家 1国大津瀬田店,滋賀県大津市大江4-5-6,1050
すき家 190号宇部西割店,山口県宇部市大字妻崎開作871-2,970
すき家 本厚木一番街店,神奈川県厚木市中町2-12-1,1130
すき家 伊賀上野店,三重県伊賀市平野中川原484-1,1100
すき家 木曽川店,愛知県一宮市木曽川町黒田字中沼北ﾉ切5-2,1100
すき家 208号柳川店,福岡県柳川市三橋町柳河827-4,950
すき家 十日町店,新潟県十日町市上島601-1,1100
すき家 海老名上河内店,神奈川県海老名市上河内297-3,1150
すき家 藤枝田沼店,静岡県藤枝市田沼4-7-10,1100
すき家 水戸末広町店,茨城県水戸市末広町2-3-7,1050
すき家 三沢緑町店,青森県三沢市緑町3-8-15,1000
すき家 三国本町店,大阪府大阪市淀川区三国本町2-13-14,1120
すき家 天童東芳賀店,山形県天童市東芳賀3-2-15,1000
すき家 寒川宮山店,神奈川県高座郡寒川町宮山3460-1,1150
すき家 三木志染店,兵庫県三木市志染町広野1-263-1,1050
すき家 流山江戸川台店,千葉県流山市美原2-137-1,1070
すき家 神戸鹿の子台店,兵庫県神戸市北区鹿の子台北町8-4-2,1080
すき家 143号上田原店,長野県上田市上田原437-12,1100
すき家 玉造駅前店,大阪府大阪市中央区玉造1-5-8大倉ﾋﾞﾙ,1120
すき家 西脇野村店,兵庫県西脇市野村町1795-192,1080
すき家 郡山鳴神店,福島県郡山市鳴神3-238,960
すき家 北新宿一丁目店,東京都新宿区北新宿1-12-12ｻﾝｴｽﾋﾞﾙ1F,1300
すき家 112号寒河江店,山形県寒河江市高田129-1,1000
すき家 岡山福田店,岡山県岡山市南区福田229-1,1020
すき家 八幡店,京都府八幡市八幡五反田39-4,1080
すき家 34号鳥栖店,佐賀県鳥栖市萱方町177-1,1000
すき家 南草津店,滋賀県草津市野路6-8-22,1050
すき家 おもちゃのまち店,栃木県下都賀郡壬生町壬生丁210-3,1000
すき家 山口大内店,山口県山口市大内千坊五丁目3-2,1000
すき家 大津真野店,滋賀県大津市真野5-36-10,1000
すき家 一関山目店,岩手県一関市山目字寺前46-1,980
すき家 18号小諸店,長野県小諸市諸1-5-11,1100
すき家 宗像赤間店,福岡県宗像市赤間駅前2-2-19,980
すき家 可児下恵土店,岐阜県可児市下恵土字広瀬5890-1-1,1050
すき家 秦野室川橋店,神奈川県秦野市曽屋5788-5,1130
すき家 403号加茂店,新潟県加茂市番田5-20,1000
すき家 泉南中小路店,大阪府泉南市中小路2-383,1100
すき家 389号大牟田店,福岡県大牟田市大正町3-4-3,1000
すき家 厚木長谷店,神奈川県厚木市長谷642-3,1180
すき家 431号境港店,鳥取県境港市財ﾉ木町236-1,1000
すき家 長岡宮内店,新潟県長岡市宮内町字山伏3350-1,1000
すき家 さいたま宿店,埼玉県さいたま市桜区宿135-1,1100
すき家 秋田泉店,秋田県秋田市泉中央1-3-11,960
すき家 新大阪西宮原店,大阪府大阪市淀川区西宮原1-8-41新大阪南愛ﾋﾞﾙ1階,1120
すき家 北上常盤台店,岩手県北上市常盤台2-5-133,1030
すき家 伊勢原桜台店,神奈川県伊勢原市桜台2-13-14,1130
すき家 箕輪BP店,長野県上伊那郡箕輪町中箕輪11338-1,1080
すき家 環八羽田店,東京都大田区羽田4-3-3,1350
すき家 豊栄北陽店,新潟県新潟市北区北陽1-2480-5,980
すき家 169号天理勾田店,奈良県天理市勾田町82-1,1050
すき家 大泉中央店,群馬県邑楽郡大泉町中央1-7-20,1050
すき家 上尾平塚店,埼玉県上尾市平塚1696-1,1100
すき家 416号福井開発店,福井県福井市開発4-309,1050
すき家 鶴里駅南店,愛知県名古屋市南区鶴里町1-61,1100
すき家 荻窪三丁目店,東京都杉並区荻窪3-47-23,1250
すき家 北本荒井店,埼玉県北本市荒井2-413-1,1080
すき家 藤岡IC店,群馬県藤岡市中栗須14-6,1100
すき家 10号大分大学前店,大分県大分市鴛野1373-1,950
すき家 6号北茨城店,茨城県北茨城市関南町神岡上字二ﾂ島26-2,1020
すき家 浜松西IC店,静岡県浜松市中央区湖東町5926-2,1100
すき家 氷上町店,兵庫県丹波市氷上町稲継68-6,1100
すき家 301号湖西店,静岡県湖西市古見字高田984-7,1200
すき家 市原松ヶ島店,千葉県市原市松ヶ島2-18-1,1100
すき家 栗東大宝店,滋賀県栗東市霊仙寺3-8-32,1100
すき家 佐野大橋店,栃木県佐野市大橋町3239-1,1100
すき家 116号吉田店,新潟県燕市吉田字流間3716-3,1030
すき家 黒磯住吉店,栃木県那須塩原市住吉町77-12,1050
すき家 弘前青山店,青森県弘前市大字青山5-28-1,930
すき家 敦賀木崎店,福井県敦賀市木崎19-14-1,1150
すき家 加古川平岡町店,兵庫県加古川市平岡町新在家418-2,1080
すき家 136号三島店,静岡県三島市安久146-3,1120
すき家 新高円寺東店,東京都杉並区梅里1-7-17,1250
すき家 一宮中島通店,愛知県一宮市中島通1-32-2,1100
すき家 城山向原店,神奈川県相模原市緑区向原3-1-4,1150
すき家 江南大間店,愛知県江南市大間町新町159-1,1100
すき家 四街道鹿放ヶ丘店,千葉県四街道市鹿放ヶ丘459-1,1100
すき家 松原阿保店,大阪府松原市阿保6-871-1,1120
すき家 伊勢崎フォリオ店,群馬県伊勢崎市安堀町1858-3,1050
すき家 新潟東大通店,新潟県新潟市中央区東大通2-1-21,1000
すき家 431号米子日吉津店,鳥取県西伯郡日吉津村日吉津1305-1,1020
すき家 桐生相生店,群馬県桐生市相生町2-489-1,1070
すき家 419号高浜店,愛知県高浜市湯山町2-5-1,1100
すき家 尾西篭屋店,愛知県一宮市篭屋1-2-22,1100
すき家 桜新道南大井店,東京都品川区南大井3-7-20,1300
すき家 蒲生四丁目店,大阪府大阪市城東区蒲生4-21-8,1120
すき家 259号田原店,愛知県田原市谷熊町備後42-1,1100
すき家 51号潮来店,茨城県潮来市延方西1462-3,1050
すき家 山形城西店,山形県山形市城西町4-19-19,1000
すき家 岡崎緑丘店,愛知県岡崎市緑丘2-15-21,1100
すき家 18号千曲店,長野県千曲市大字粟佐1379-1,1050
すき家 6号相馬店,福島県相馬市小泉字根岸784-1,1050
すき家 354号土浦南店,茨城県土浦市永国848-9,1030
すき家 浜北美薗店,静岡県浜松市浜名区西美薗2519-2,1100
すき家 129号平塚四之宮店,神奈川県平塚市東真土2-5-53,1180
すき家 432号竹原店,広島県竹原市下野町小井手3256-1,1000
すき家 水戸笠原店,茨城県水戸市笠原町976-21,1050
すき家 釜利谷店,神奈川県横浜市金沢区釜利谷東4-53-11,1130
すき家 124号鹿嶋谷原店,茨城県鹿嶋市谷原1383-2,1050
すき家 出雲市駅南店,島根県出雲市駅南町2-5-1,1050
すき家 312号峰山店,京都府京丹後市峰山町字新町1527-4,1100
すき家 亀山ハイウェイオアシス店,三重県亀山市布気町字高塚793-1(東名阪自動車道亀山HW内),1150
すき家 亀田店,新潟県新潟市江南区早苗2-248-1,1000
すき家 富士見鶴瀬店,埼玉県富士見市上沢1-18-60,1100
すき家 長野SBC通り店,長野県長野市上松1-16-41,1120
すき家 岐阜北方店,岐阜県本巣郡北方町平成4-4-1,1080
すき家 348号山形南館店,山形県山形市南館1201-1,1000
すき家 大正三軒家東店,大阪府大阪市大正区三軒家東4-6-12,1150
すき家 座間広野台店,神奈川県座間市広野台1-25-5,1160
すき家 印西BP店,千葉県印西市竹袋623-1,1050
すき家 小山西城南店,栃木県小山市西城南4-19-7,1000
すき家 龍野店,兵庫県たつの市龍野町富永383-1,1050
すき家 125号阿見店,茨城県稲敷郡阿見町中郷2-29-16,1050
すき家 461号大田原美原店,栃木県大田原市美原1-1-6,1000
すき家 東海大池公園店,愛知県東海市富貴ﾉ台6-129,1180
すき家 横手IC店,秋田県横手市安田向田173-3,960
すき家 1国桑名店,三重県桑名市東方福島前655-1,1100
すき家 春日井桃山店,愛知県春日井市桃山町3-224-2,1100
すき家 中川十番町店,愛知県名古屋市中川区十番町1-279,1100
すき家 2国福山高西店,広島県福山市高西町4-4-9,1030
すき家 なんば楽座店,大阪府大阪市中央区難波4-3-19,1200
すき家 西大路駅南店,京都府京都市南区唐橋西平垣町1-7,1100
すき家 島田中河町店,静岡県島田市中河町8992-2,1080
すき家 つくば上横場店,茨城県つくば市上横場2289-3,1100
すき家 東海大前店,神奈川県秦野市南矢名3-12-3,1130
すき家 305号上小松店,石川県小松市上小松町137-1,1050
すき家 センター北店,神奈川県横浜市都筑区牛久保東1-32-1,1200
すき家 近江八幡店,滋賀県近江八幡市白鳥町117-4,1050
すき家 豊川中央通店,愛知県豊川市中央通2-57-1,1100
すき家 新潟河渡店,新潟県新潟市東区河渡庚252-1,1030
すき家 住之江大和川通店,大阪府大阪市住之江区新北島1-9-5,1120
すき家 塩尻志学館高校前店,長野県塩尻市広丘高出1486-230,1100
すき家 9号亀岡千代川店,京都府亀岡市千代川町高野林西ﾉ畑15-5,1050
すき家 出雲高岡店,島根県出雲市高岡町540-1,1000
すき家 1国水口店,滋賀県甲賀市水口町北泉2-2,1150
すき家 6号石岡店,茨城県石岡市旭台1-1-5,1080
すき家 150号大須賀店,静岡県掛川市西大渕1684-1,1100
すき家 住吉新大橋通店,東京都江東区住吉2-2-7住吉Sﾋﾞﾙ1F,1250
すき家 152号茅野店,長野県茅野市本町東5291-1,1080
すき家 三好町店,愛知県みよし市三好町下畷2-10,1180
すき家 17号深谷西店,埼玉県深谷市萱場116-1,1080
すき家 23号伊勢店,三重県伊勢市小木町高野699-1,1080
すき家 柏篠籠田店,千葉県流山市駒木205-1,1070
すき家 124号波崎店,茨城県神栖市波崎8370-1,1050
すき家 289号白河店,福島県白河市新高山41-1,1080
すき家 郡山富久山店,福島県郡山市富久山町久保田字太郎殿前2-12,1020
すき家 岸和田和泉IC北店,大阪府岸和田市田治米町343-1,1100
すき家 1国刈谷店,愛知県刈谷市今川町西高山7-1,1100
すき家 東広島八本松店,広島県東広島市八本松東2-10-8,1050
すき家 仙台岩切店,宮城県仙台市宮城野区岩切字青津目8-1,1000
すき家 掛川城西店,静岡県掛川市城西2-10-3,1080
すき家 1国四日市八田店,三重県四日市市八田3-2-24,1100
すき家 19号塩尻広丘店,長野県塩尻市広丘野村1503-1,1100
すき家 東海店,茨城県那珂郡東海村村松1151-6,1050
すき家 175号平野芝崎店,兵庫県神戸市西区平野町芝崎255-1,1080
すき家 南仙台柳生店,宮城県仙台市太白区柳生1-3-9,1000
すき家 7号能代店,秋田県能代市字寿域長根42-22,1000
すき家 環七平和島店,東京都大田区大森本町2-30-2ﾌﾟﾚｰﾙ大森EAST101号,1300
すき家 阪急淡路西口店,大阪府大阪市東淀川区淡路4-11-15井上ﾋﾞﾙ1F,1120
すき家 鳥取安長店,鳥取県鳥取市安長167-1,1020
すき家 247号半田店,愛知県半田市昭和町3-20,1100
すき家 東雲晴海通り店,東京都江東区東雲1-6-17,1300
すき家 4号古川西館店,宮城県大崎市古川西館3-9-1,950
すき家 はびきの伊賀店,大阪府羽曳野市伊賀4-5-6,1100
すき家 2国笠岡店,岡山県笠岡市三番町2-30,1050
すき家 あきる野睦橋通り店,東京都あきる野市秋留2-1-5,1150
すき家 岩槻城北東店,埼玉県さいたま市岩槻区上野1-20-5,1100
すき家 鯖江北野店,福井県鯖江市北野町18-11,1050
すき家 つくば学園西大通り店,茨城県つくば市筑穂1-5-7,1100
すき家 阪急庄内南店,大阪府豊中市庄内西町5-1-3,1080
すき家 6号かすみがうら店,茨城県かすみがうら市上稲吉1964-1,1050
すき家 金沢駅西本町店,石川県金沢市駅西本町6-3-7,1080
すき家 6号水戸住吉店,茨城県水戸市住吉町47-1,1050
すき家 富山中川原店,富山県富山市秋吉194-9,1080
すき家 高根沢店,栃木県塩谷郡高根沢町宝石台3-14-7,1050
すき家 熊谷籠原店,埼玉県熊谷市拾六間763-1,1080
すき家 総和十間道路店,茨城県古河市上辺見531-1,1030
すき家 八尾山賀店,大阪府八尾市山賀町1-37,1100
すき家 安城篠目店,愛知県安城市篠目町竜田87-7,1180
すき家 東園田店,兵庫県尼崎市東園田町4-63-1,1100
すき家 周南新南陽店,山口県周南市古川町5-15,1050
すき家 八事店,愛知県名古屋市昭和区広路町石坂38-1ﾌｨｵ-ﾚ八事,1100
すき家 広島八丁堀店,広島県広島市中区八丁堀1-8ｴｲﾄﾋﾞﾙ,1100
すき家 南岩国店,山口県岩国市尾津町2-20-33,1050
すき家 段原店,広島県広島市南区段原3-3-32ｼｬﾙﾏﾝ･S,1100
すき家 長居店,大阪府大阪市住吉区長居東4-21-2泉第2ﾊｲﾂ,1120
すき家 南塚口七丁目店,兵庫県尼崎市南塚口町7-6-19,1050
すき家 富山掛尾店,富山県富山市掛尾町401-3,1080
すき家 武蔵小山店,東京都品川区小山3-25-13,1300
すき家 戸田駅前店,埼玉県戸田市新曽668-2,1100
すき家 結城店,茨城県結城市大字結城9746-1,1050
すき家 笠間店,茨城県笠間市笠間487-1,1030
すき家 弁天町みなと通店,大阪府大阪市港区磯路1-1-7灘浜ﾋﾞﾙ,1150
すき家 防府天神店,山口県防府市天神2-3-36,1050
すき家 浄心店,愛知県名古屋市西区浄心1-1-50浄心ｽﾃｰｼｮﾝﾋﾞﾙ南館,1120
すき家 新習志野店,千葉県習志野市茜浜2-1-12,1100
すき家 銚子店,千葉県銚子市長塚町1-465-1,1080
すき家 行徳北店,千葉県市川市富浜3-2-24,1250
すき家 槙島店,京都府宇治市槙島町二十四56-3,1050
すき家 富里店,千葉県富里市七栄439-1,1150
すき家 4号奥州水沢店,岩手県奥州市水沢区太日通り1-4-13,980
すき家 八戸根城店,青森県八戸市根城3-4-5,940
すき家 青森問屋町店,青森県青森市第二問屋町1-2-1,950
すき家 溜池山王店,東京都港区赤坂1-5-2外堀通ﾋﾞﾙ1F,1350
すき家 品川東店,東京都港区港南2-2-3Mﾋﾞﾙ1F,1380
すき家 倉敷宮前店,岡山県倉敷市宮前357-2,1050
すき家 大和駅北口店,神奈川県大和市大和東1-3-12,1140
すき家 18号上田秋和店,長野県上田市秋和立石344-4?,1100
すき家 20号甲斐竜王店,山梨県甲斐市富竹新田1279-1,1070
すき家 鈴鹿中央通り店,三重県鈴鹿市神戸4-6-25,1080
すき家 倉敷連島店,岡山県倉敷市連島2-9-18,1050
すき家 西葛西一丁目店,東京都江戸川区西葛西1-15-9ｽｶｲﾋﾞﾙ,1250
すき家 豊橋浜道店,愛知県豊橋市浜道町字浜道96-5,1100
すき家 龍谷大店,京都府京都市伏見区竹田久保町21-7ﾋﾞﾙ･ﾏﾙｼﾞｮｳ,1050
すき家 高田馬場店,東京都新宿区高田馬場1-28-4工新別館ﾋﾞﾙ,1300
すき家 宝来店,奈良県奈良市菅原町556-1,1050
すき家 森下店,東京都江東区森下2-18-8,1300
すき家 大池橋店,大阪府大阪市生野区中川西3-10-10,1120
すき家 西本町店,大阪府大阪市西区西本町1-7-14日宝信濃橋ｾﾝﾀｰ,1200
すき家 六角橋店,神奈川県横浜市神奈川区六角橋1-11-1,1140
すき家 燕三条店,新潟県三条市下須頃字八枚田241-1,1050
すき家 吉祥寺南店,東京都武蔵野市吉祥寺南町1-11-1,1200
すき家 とうきょうスカイツリー駅前店,東京都墨田区業平1-18-12,1300
すき家 百万遍店,京都府京都市左京区田中門前町28-20ﾄﾞﾑｽ百万遍,1050
すき家 鶯谷店,東京都台東区根岸1-6-10,1300
すき家 新横浜店,神奈川県横浜市港北区新横浜2-6-17,1250
すき家 鶴岡道形店,山形県鶴岡市道形字二ﾂ屋61-2,1100
すき家 環八蒲田四丁目店,東京都大田区蒲田4-42-12新生ﾋﾞﾙ1F,1300
すき家 安城城南店,愛知県安城市城南町1-2-1,1180
すき家 山形大野目店,山形県山形市大野目4-2-24,1000
すき家 宝塚安倉店,兵庫県宝塚市安倉西4-608,1050
すき家 船場中央店,大阪府大阪市中央区南本町3-2-6,1200
すき家 梅田堂山店,大阪府大阪市北区堂山町15-15,1220
すき家 駒沢大学前店,東京都世田谷区駒沢1-20-4,1300
すき家 三田店,東京都港区芝5-25-9,1380
すき家 江戸堀店,大阪府大阪市西区江戸堀1-24-15ﾀﾂﾄ・肥後橋ﾋﾞﾙ1F,1200
すき家 所沢下安松店,埼玉県所沢市下安松1576-1,1100
すき家 関目店,大阪府大阪市城東区成育2-13-15ｱｲﾋﾞｰﾏﾝｼｮﾝ1F,1150
すき家 浦安駅前店,千葉県浦安市猫実4-18-26浦安ｻﾝﾗｲｽﾞﾋﾞﾙ1F,1250
すき家 阪東橋店,神奈川県横浜市南区高根町3-17-4ｻﾝｺｰﾄ大通公園横浜阪東橋,1200
すき家 金港町店,神奈川県横浜市神奈川区金港町6-13ｴﾑｽﾞ横浜,1200
すき家 日立田尻店,茨城県日立市田尻町4-6-7,1020
すき家 東池袋店,東京都豊島区東池袋1-31-1ﾊﾞﾛｯｸｺｰﾄ101号室,1300
すき家 高萩店,茨城県高萩市東本町3-22-2,1050
すき家 潮見店,東京都江東区潮見2-10-22,1300
すき家 摂津富田店,大阪府高槻市大畑町26-17,1100
すき家 長野七瀬店,長野県長野市鶴賀(七瀬南部)320-1,1100
すき家 池袋西店,東京都豊島区西池袋2-39-11,1280
すき家 明幹加古川店,兵庫県加古川市尾上町安田305-1,1080
すき家 松戸中央店,千葉県松戸市南花島2-32-9,1080
すき家 岡山野田店,岡山県岡山市北区野田3-17-1,1020
すき家 新松戸店,千葉県松戸市新松戸3-271神谷第一ﾋﾞﾙ,1080
すき家 嵐山店,埼玉県比企郡嵐山町大字千手堂37-2,1100
すき家 海老名さがみ野店,神奈川県海老名市東柏ヶ谷6-21-20,1160
すき家 下永谷店,神奈川県横浜市港南区下永谷5-1-15,1300
すき家 明石西IC店,兵庫県明石市魚住町清水2128-2,1050
すき家 脇浜店,兵庫県神戸市中央区脇浜町2-5-19,1080
すき家 新井店,新潟県妙高市大字猪野山55-16,1030
すき家 浦和桜田店,埼玉県さいたま市桜区桜田3-1-16,1100
すき家 東淀川菅原店,大阪府大阪市東淀川区菅原7-5-31,1120
すき家 君津外箕輪店,千葉県君津市外箕輪3-17-21,1100
すき家 水海道店,茨城県常総市新井木町字江畑102-3,1050
すき家 甲南店,兵庫県神戸市東灘区甲南町3-8-16,1050
すき家 花巻上小舟渡店,岩手県花巻市上小舟渡218-2,930
すき家 鴻巣店,埼玉県鴻巣市天神1-7-6,1070
すき家 春日井中央店,愛知県春日井市瑞穂通7-16-1,1100
すき家 上六店,大阪府大阪市天王寺区上本町6-9-20,1120
すき家 岩沼中央店,宮城県岩沼市桜3-12-15,960
すき家 門真中央店,大阪府門真市大池町16-25,1120
すき家 新宿南店,東京都新宿区新宿3-32-2,1350
すき家 成田東店,千葉県成田市寺台28-1,1250
すき家 本厚木店,神奈川県厚木市中町3-13-1,1130
すき家 三宮店,兵庫県神戸市中央区北長狭通1-20-2,1100
すき家 立町店,広島県広島市中区立町2-1立町中央ﾋﾞﾙ1F,1100
すき家 中山店,神奈川県横浜市緑区中山6-9-12,1200
すき家 高島平駅前店,東京都板橋区高島平8-11-11SDﾋﾞﾙ,1250
すき家 富士厚原店,静岡県富士市厚原99-5,1100
すき家 日立金沢店,茨城県日立市金沢町1-13-10,1000
すき家 難波元町店,大阪府大阪市浪速区難波中3-6-12ﾅﾝﾊﾞｸﾞﾗﾝﾄﾞﾋﾞﾙ,1150
すき家 静岡流通通り店,静岡県静岡市葵区千代田7-9-25,1150
すき家 蒲郡栄町店,愛知県蒲郡市栄町9-41,1100
すき家 南船場店,大阪府大阪市中央区南船場2-2-10,1200
すき家 新潟牡丹山店,新潟県新潟市東区牡丹山4-1-27,1030
すき家 盛岡西店,岩手県盛岡市本宮3-5-10,950
すき家 広島祇園店,広島県広島市安佐南区西原5-6-5,1100
すき家 倉敷田ノ上店,岡山県倉敷市田ﾉ上939-1,1100
すき家 つくば中央店,茨城県つくば市松代1-6-4,1050
すき家 広大前店,広島県東広島市西条下見5-1-7,980
すき家 呉広店,広島県呉市広中町1-21,1000
すき家 福岡拾六町店,福岡県福岡市西区拾六町1-25-8,1000
すき家 宇都宮鶴田店,栃木県宇都宮市鶴田町2-39-42,1050
すき家 45号八戸城下店,青森県八戸市城下4-14-14,950
すき家 2国姫路市川橋店,兵庫県姫路市市川橋通1-9,1050
すき家 青森浪打店,青森県青森市浪打2-11-20,950
すき家 南武庫之荘店,兵庫県尼崎市南武庫之荘4-19-10,1050
すき家 新4号上片田店,茨城県古河市上片田字新田前843-1,1000
すき家 西那須野店,栃木県那須塩原市睦104-31,1000
すき家 広島観音店,広島県広島市西区南観音6-14-18,1150
すき家 福岡和白店,福岡県福岡市東区和白1-1-21,950
すき家 青森西店,青森県青森市篠田2-19-26,950
すき家 久留米国分店,福岡県久留米市国分町字御供田1604-7,980
すき家 412号厚木林店,神奈川県厚木市林4-12-34,1180
すき家 新潟小針店,新潟県新潟市西区小針2-38-12,1030
すき家 13号秋田牛島店,秋田県秋田市牛島東1-5-3,960
すき家 141号佐久平店,長野県佐久市大字長土呂260-1,1100
すき家 東広島御薗宇店,広島県東広島市西条町御薗宇下上戸6487-1,1050
すき家 福岡空港店,福岡県糟屋郡志免町別府北1-3-18,1050
すき家 三原店,広島県三原市皆実町3-1-1,1100
すき家 213号中津店,大分県中津市中殿町3-31-14,1000
すき家 山口維新公園前店,山口県山口市大字維新公園5-2-10,1000
すき家 115号福島方木田店,福島県福島市大森字北島45-1,980
すき家 鶴屋町店,神奈川県横浜市神奈川区鶴屋町2-11-6,1300
すき家 長岡IC店,新潟県長岡市蓮潟1-1-53,1000
すき家 土浦店,茨城県土浦市東崎町11-3,1050
すき家 米子中央店,鳥取県米子市西福原1-1-45,1050
すき家 秋田桜店,秋田県秋田市桜1-12-11,960
すき家 弘前中央店,青森県弘前市大字大町3-1-4,930
すき家 7号秋田土崎店,秋田県秋田市土崎港相染町字大谷地36-4,960
すき家 上越春日山店,新潟県上越市大豆1-9-27,1030
すき家 佐賀本庄店,佐賀県佐賀市本庄町袋305-2,950
すき家 新潟近江店,新潟県新潟市中央区上近江2-1-18,1030
すき家 486号福山駅家店,広島県福山市駅家町万能倉288-1,1000
すき家 関内店,神奈川県横浜市中区翁町1-4-14浜吉ﾋﾞﾙ1F,1200
すき家 200号飯塚嘉穂店,福岡県飯塚市小正298-2,950
すき家 おゆみ野店,千葉県千葉市緑区おゆみ野南5-7-1,1100
すき家 船橋南店,千葉県船橋市浜町1-41-10第3土井ﾋﾞﾙ1F,1200
すき家 仙台松森店,宮城県仙台市泉区松森字陣ヶ原5-1,1000
すき家 高岡駅南店,富山県高岡市駅南5-5-5,1030
すき家 153号飯田座光寺店,長野県飯田市座光寺4705-1,1080
すき家 4号郡山日和田店,福島県郡山市日和田町字原12-110,960
すき家 大分日岡店,大分県大分市日岡1-3-22,950
すき家 苅田店,福岡県京都郡苅田町尾倉1-3-1,1020
すき家 本牧店,神奈川県横浜市中区本牧町2-364,1200
すき家 相模原緑が丘店,神奈川県相模原市中央区緑が丘1-46-28,1180
すき家 高岡熊野店,富山県高岡市熊野町5-30,1080
すき家 御殿場店,静岡県御殿場市萩原809-2,1300
すき家 真岡上高間木店,栃木県真岡市上高間木3-10-8,1100
すき家 芝山店,千葉県船橋市芝山2-9-1,1100
すき家 ひたちなか店,茨城県ひたちなか市中根3319-6,1050
すき家 4号杉戸堤根店,埼玉県北葛飾郡杉戸町堤根4024-1,1130
すき家 富山呉羽店,富山県富山市本郷東部9-1,1080
すき家 幸手店,埼玉県幸手市中2-12-35,1080
すき家 いわき湯本店,福島県いわき市常磐下船尾町古内290-12,1050
すき家 新杉田店,神奈川県横浜市磯子区杉田1-6-6第3ｱｽﾞｻﾜﾋﾞﾙ,1140
すき家 23号多賀城町前店,宮城県多賀城市町前3-7-7,980
すき家 刈谷店,愛知県刈谷市一ツ木町4-1-8,1150
すき家 255号小田原成田店,神奈川県小田原市成田408-1,1180
すき家 岩井店,茨城県坂東市大字岩井字新畑4298-1,1050
すき家 19号松本高宮店,長野県松本市高宮東1-25,1100
すき家 都筑ふれあいの丘店,神奈川県横浜市都筑区荏田南1-1,1300
すき家 西新宿小滝橋通り店,東京都新宿区西新宿7-10-16千徳ﾋﾞﾙ,1350
すき家 牛久店,茨城県牛久市栄町3-191-1,1030
すき家 二宮店,神奈川県中郡二宮町二宮1352-4,1180
すき家 下平間店,神奈川県川崎市幸区下平間274-11ｽｽﾞｷﾊｲﾂ1F,1200
すき家 旭店,千葉県旭市二字宮前1684-1,1080
すき家 黒川北店,愛知県名古屋市北区黒川本通5-19-1,1120
すき家 宇都宮東店,栃木県宇都宮市宿郷3-21-30,1050
すき家 一宮妙興寺店,愛知県一宮市宮地2-13-4,1100
すき家 つくば天久保店,茨城県つくば市天久保4-6-5,1050
すき家 幕張店,千葉県千葉市花見川区幕張町5-417-207,1150
すき家 50号筑西布川店,茨城県筑西市布川1310-14,1050
すき家 129号厚木山際店,神奈川県厚木市山際281-1,1150
すき家 高崎上中居店,群馬県高崎市上中居町190-1,1050
すき家 館山店,千葉県館山市安布里190-2,1100
すき家 大原店,千葉県いすみ市大原9539-1,1050
すき家 戸塚南店,神奈川県横浜市戸塚区東俣野町1029-1,1150
すき家 西船橋店,千葉県船橋市山野町10-1,1200
すき家 瀬戸店,愛知県瀬戸市高根町1-68,1100
すき家 宇都宮御幸ヶ原店,栃木県宇都宮市御幸ヶ原町68-32林ﾊｲﾂ1F,1050
すき家 4号さくら店,栃木県さくら市卯の里5-59-12,1050
すき家 相模原共和店,神奈川県相模原市中央区共和3-6-17,1130
すき家 笠寺店,愛知県名古屋市南区千竃通4-20-1,1150
すき家 五領町店,埼玉県東松山市五領町15-15,1080
すき家 相模原上鶴間店,神奈川県相模原市南区上鶴間2-7-2,1160
すき家 東松山店,埼玉県東松山市上野本1164-1,1080
すき家 湘南LT店,神奈川県藤沢市大庭5434-9,1180
すき家 竜ヶ崎NT店,茨城県龍ｹ崎市久保台1丁目1-1,1020
すき家 福生店,東京都福生市加美平1-19-7,1150
すき家 4号足立保木間店,東京都足立区西保木間1-17-20,1220
すき家 川越氷川町店,埼玉県川越市氷川町29-1,1100
すき家 小田原早川店,神奈川県小田原市早川3-19-6,1180
すき家 南葛西店,東京都江戸川区南葛西2-2-2第2ｻｸﾏﾋﾞﾙ1F,1250
すき家 足立栗原店,東京都足立区栗原4-9-6荒堀ﾋﾞﾙ1F,1220
すき家 佐倉店,千葉県佐倉市王子台2-12-22,1100
すき家 東金BP店,千葉県東金市田間846-5,1080
すき家 立場店,神奈川県横浜市泉区中田西1-1-41,1180
すき家 指扇店,埼玉県さいたま市西区大字土屋字上谷510-2,1100
すき家 熊谷BP店,埼玉県熊谷市上之4004-1,1080
すき家 蓮根駅西店,東京都板橋区蓮根2-29-6蓮根ﾋﾞﾙ1F,1250
すき家 安中店,群馬県安中市中宿1丁目字石合891-1,1100
すき家 都筑東山田店,神奈川県横浜市都筑区東山田3-18-5,1200
すき家 糀谷店,東京都大田区南蒲田3-3-1こうじや駅前ﾋﾞﾙ1F,1300
すき家 蒔田店,神奈川県横浜市南区宮元町2-31村串ﾋﾞﾙ1F,1200
すき家 前橋南店,群馬県前橋市南町2-46-6,1100
すき家 八王子南店,東京都八王子市越野25-34,1150
すき家 木更津店,千葉県木更津市太田4-13,1100
すき家 小平中島町店,東京都小平市中島町22-19,1180
すき家 大和中央店,神奈川県大和市深見西2-4-3,1160
すき家 浦安堀江店,千葉県浦安市堀江6-4-29ﾒｿﾞﾝ浦安1F,1250
すき家 50号足利福富店,栃木県足利市福富町1107-1,1070
すき家 横浜橋店,神奈川県横浜市南区万世町1-19,1200
すき家 南砂店,東京都江東区南砂5-14-6ｻｰﾊﾝﾋﾞﾙ,1250
すき家 朝比奈店,神奈川県横浜市金沢区六浦4-11-34ｻﾝｸﾞﾚｲｽﾋﾞﾙ101,1120
すき家 前橋野中町店,群馬県前橋市野中町50-1,1100
すき家 南流山店,千葉県流山市南流山7-1-10,1100
すき家 大宮清河寺店,埼玉県さいたま市西区清河寺字須場1232-5,1120
すき家 150号焼津八楠店,静岡県焼津市八楠3-19-1,1080
すき家 前橋大渡町店,群馬県前橋市大渡町1-1-1,1100
すき家 高崎緑町店,群馬県高崎市緑町1-29-9,1050
すき家 太田南矢島店,群馬県太田市南矢島町928-1,1100
すき家 熊谷西店,埼玉県熊谷市新島261-2,1080
すき家 栃木BP箱森店,栃木県栃木市箱森町41-5,1100
すき家 守山店,愛知県名古屋市守山区瀬古東2-1104,1170
すき家 辻堂店,神奈川県藤沢市辻堂東海岸1-2-1,1180
すき家 高崎IC店,群馬県高崎市島野町大岩996-1,1100
すき家 平塚店,神奈川県平塚市平塚1-9-26,1130
すき家 長原駅東店,東京都大田区上池台1-44-1ﾗｲｵﾝｽﾞﾏﾝｼｮﾝ102,1300
すき家 守谷店,茨城県守谷市けやき台5-2-1,1050
すき家 松戸二十世紀が丘店,千葉県松戸市二十世紀が丘美野里町15-1,1080
すき家 汐入店,神奈川県横浜市鶴見区仲通1-54ｱﾈｯｸｽつるみ102,1230
